-- phpMyAdmin SQL Dump
-- version 4.7.7
-- https://www.phpmyadmin.net/
--
-- Host: 127.0.0.1
-- Generation Time: May 02, 2018 at 04:29 PM
-- Server version: 10.1.30-MariaDB
-- PHP Version: 7.2.2

SET SQL_MODE = "NO_AUTO_VALUE_ON_ZERO";
SET AUTOCOMMIT = 0;
START TRANSACTION;
SET time_zone = "+00:00";


/*!40101 SET @OLD_CHARACTER_SET_CLIENT=@@CHARACTER_SET_CLIENT */;
/*!40101 SET @OLD_CHARACTER_SET_RESULTS=@@CHARACTER_SET_RESULTS */;
/*!40101 SET @OLD_COLLATION_CONNECTION=@@COLLATION_CONNECTION */;
/*!40101 SET NAMES utf8mb4 */;

--
-- Database: `eapi`
--

-- --------------------------------------------------------

--
-- Table structure for table `migrations`
--

CREATE TABLE `migrations` (
  `id` int(10) UNSIGNED NOT NULL,
  `migration` varchar(191) COLLATE utf8mb4_unicode_ci NOT NULL,
  `batch` int(11) NOT NULL
) ENGINE=InnoDB DEFAULT CHARSET=utf8mb4 COLLATE=utf8mb4_unicode_ci;

--
-- Dumping data for table `migrations`
--

INSERT INTO `migrations` (`id`, `migration`, `batch`) VALUES
(10, '2014_10_12_000000_create_users_table', 1),
(11, '2014_10_12_100000_create_password_resets_table', 1),
(12, '2016_06_01_000001_create_oauth_auth_codes_table', 1),
(13, '2016_06_01_000002_create_oauth_access_tokens_table', 1),
(14, '2016_06_01_000003_create_oauth_refresh_tokens_table', 1),
(15, '2016_06_01_000004_create_oauth_clients_table', 1),
(16, '2016_06_01_000005_create_oauth_personal_access_clients_table', 1),
(17, '2018_04_22_115544_create_products_table', 1),
(18, '2018_04_22_115706_create_reviews_table', 1);

-- --------------------------------------------------------

--
-- Table structure for table `oauth_access_tokens`
--

CREATE TABLE `oauth_access_tokens` (
  `id` varchar(100) COLLATE utf8mb4_unicode_ci NOT NULL,
  `user_id` int(11) DEFAULT NULL,
  `client_id` int(11) NOT NULL,
  `name` varchar(191) COLLATE utf8mb4_unicode_ci DEFAULT NULL,
  `scopes` text COLLATE utf8mb4_unicode_ci,
  `revoked` tinyint(1) NOT NULL,
  `created_at` timestamp NULL DEFAULT NULL,
  `updated_at` timestamp NULL DEFAULT NULL,
  `expires_at` datetime DEFAULT NULL
) ENGINE=InnoDB DEFAULT CHARSET=utf8mb4 COLLATE=utf8mb4_unicode_ci;

--
-- Dumping data for table `oauth_access_tokens`
--

INSERT INTO `oauth_access_tokens` (`id`, `user_id`, `client_id`, `name`, `scopes`, `revoked`, `created_at`, `updated_at`, `expires_at`) VALUES
('4f965c6a8d297be2d371d9b02c2eda4ec133391c8eabb479c8d1261d5dc0b31b8c96f5e0c0515926', 5, 2, NULL, '[]', 0, '2018-05-02 11:17:24', '2018-05-02 11:17:24', '2019-05-02 13:17:24');

-- --------------------------------------------------------

--
-- Table structure for table `oauth_auth_codes`
--

CREATE TABLE `oauth_auth_codes` (
  `id` varchar(100) COLLATE utf8mb4_unicode_ci NOT NULL,
  `user_id` int(11) NOT NULL,
  `client_id` int(11) NOT NULL,
  `scopes` text COLLATE utf8mb4_unicode_ci,
  `revoked` tinyint(1) NOT NULL,
  `expires_at` datetime DEFAULT NULL
) ENGINE=InnoDB DEFAULT CHARSET=utf8mb4 COLLATE=utf8mb4_unicode_ci;

-- --------------------------------------------------------

--
-- Table structure for table `oauth_clients`
--

CREATE TABLE `oauth_clients` (
  `id` int(10) UNSIGNED NOT NULL,
  `user_id` int(11) DEFAULT NULL,
  `name` varchar(191) COLLATE utf8mb4_unicode_ci NOT NULL,
  `secret` varchar(100) COLLATE utf8mb4_unicode_ci NOT NULL,
  `redirect` text COLLATE utf8mb4_unicode_ci NOT NULL,
  `personal_access_client` tinyint(1) NOT NULL,
  `password_client` tinyint(1) NOT NULL,
  `revoked` tinyint(1) NOT NULL,
  `created_at` timestamp NULL DEFAULT NULL,
  `updated_at` timestamp NULL DEFAULT NULL
) ENGINE=InnoDB DEFAULT CHARSET=utf8mb4 COLLATE=utf8mb4_unicode_ci;

--
-- Dumping data for table `oauth_clients`
--

INSERT INTO `oauth_clients` (`id`, `user_id`, `name`, `secret`, `redirect`, `personal_access_client`, `password_client`, `revoked`, `created_at`, `updated_at`) VALUES
(1, NULL, 'Laravel Personal Access Client', 'Z1GpDEecsrAwGhfx8FkRztB3ecgQa6QzNYhiRvPm', 'http://localhost', 1, 0, 0, '2018-05-02 11:12:51', '2018-05-02 11:12:51'),
(2, NULL, 'Laravel Password Grant Client', 'J8zeiAHfCtQUltEaiSqiegyIUiUJUoSayt5yhEWw', 'http://localhost', 0, 1, 0, '2018-05-02 11:12:51', '2018-05-02 11:12:51');

-- --------------------------------------------------------

--
-- Table structure for table `oauth_personal_access_clients`
--

CREATE TABLE `oauth_personal_access_clients` (
  `id` int(10) UNSIGNED NOT NULL,
  `client_id` int(11) NOT NULL,
  `created_at` timestamp NULL DEFAULT NULL,
  `updated_at` timestamp NULL DEFAULT NULL
) ENGINE=InnoDB DEFAULT CHARSET=utf8mb4 COLLATE=utf8mb4_unicode_ci;

--
-- Dumping data for table `oauth_personal_access_clients`
--

INSERT INTO `oauth_personal_access_clients` (`id`, `client_id`, `created_at`, `updated_at`) VALUES
(1, 1, '2018-05-02 11:12:51', '2018-05-02 11:12:51');

-- --------------------------------------------------------

--
-- Table structure for table `oauth_refresh_tokens`
--

CREATE TABLE `oauth_refresh_tokens` (
  `id` varchar(100) COLLATE utf8mb4_unicode_ci NOT NULL,
  `access_token_id` varchar(100) COLLATE utf8mb4_unicode_ci NOT NULL,
  `revoked` tinyint(1) NOT NULL,
  `expires_at` datetime DEFAULT NULL
) ENGINE=InnoDB DEFAULT CHARSET=utf8mb4 COLLATE=utf8mb4_unicode_ci;

--
-- Dumping data for table `oauth_refresh_tokens`
--

INSERT INTO `oauth_refresh_tokens` (`id`, `access_token_id`, `revoked`, `expires_at`) VALUES
('7002a7deee59397e356399fa754f8371a7216123a05cacece74c73e88b5b0b78a3b1f02333a148e0', '4f965c6a8d297be2d371d9b02c2eda4ec133391c8eabb479c8d1261d5dc0b31b8c96f5e0c0515926', 0, '2019-05-02 13:17:24');

-- --------------------------------------------------------

--
-- Table structure for table `password_resets`
--

CREATE TABLE `password_resets` (
  `email` varchar(191) COLLATE utf8mb4_unicode_ci NOT NULL,
  `token` varchar(191) COLLATE utf8mb4_unicode_ci NOT NULL,
  `created_at` timestamp NULL DEFAULT NULL
) ENGINE=InnoDB DEFAULT CHARSET=utf8mb4 COLLATE=utf8mb4_unicode_ci;

-- --------------------------------------------------------

--
-- Table structure for table `products`
--

CREATE TABLE `products` (
  `id` int(10) UNSIGNED NOT NULL,
  `name` varchar(191) COLLATE utf8mb4_unicode_ci NOT NULL,
  `detail` text COLLATE utf8mb4_unicode_ci NOT NULL,
  `price` int(11) NOT NULL,
  `stock` int(11) NOT NULL,
  `discount` int(11) NOT NULL,
  `user_id` int(10) UNSIGNED NOT NULL,
  `created_at` timestamp NULL DEFAULT NULL,
  `updated_at` timestamp NULL DEFAULT NULL
) ENGINE=InnoDB DEFAULT CHARSET=utf8mb4 COLLATE=utf8mb4_unicode_ci;

--
-- Dumping data for table `products`
--

INSERT INTO `products` (`id`, `name`, `detail`, `price`, `stock`, `discount`, `user_id`, `created_at`, `updated_at`) VALUES
(1, 'consectetur', 'Doloremque dolor eum et aut et distinctio. Expedita amet aliquid doloremque qui iure. Occaecati qui voluptatibus sit quo consequuntur perferendis. In consectetur quos et rem doloremque.', 849, 7, 9, 1, '2018-05-02 10:43:50', '2018-05-02 10:43:50'),
(2, 'sed', 'Est et provident ut tenetur. Laudantium ullam magnam excepturi quo. Vero hic quia asperiores et veritatis. Possimus qui laudantium et nesciunt.', 583, 6, 29, 1, '2018-05-02 10:43:50', '2018-05-02 10:43:50'),
(3, 'porro', 'Occaecati sapiente voluptate sit. Porro et saepe accusamus est est omnis id qui. Temporibus necessitatibus quis eum debitis magnam aut assumenda itaque. Nam voluptas et rerum architecto accusantium earum.', 721, 0, 24, 1, '2018-05-02 10:43:50', '2018-05-02 10:43:50'),
(4, 'minus', 'Rem nobis nesciunt quis harum cum repellat. Atque aperiam consequatur commodi nihil voluptates quas necessitatibus unde. Repudiandae fugiat eum soluta asperiores quod et.', 143, 5, 11, 2, '2018-05-02 10:43:50', '2018-05-02 10:43:50'),
(5, 'dolor', 'Consequuntur quos sed rerum qui a sapiente consequatur. Eaque sunt quo pariatur possimus consequuntur ratione. Illum numquam occaecati possimus et qui.', 735, 1, 5, 4, '2018-05-02 10:43:50', '2018-05-02 10:43:50'),
(6, 'ea', 'Dicta nulla quaerat in quia quo harum. Accusantium labore voluptatem doloribus ipsa recusandae mollitia sint sit. Sed eligendi ea sapiente nihil. Eius perferendis quia est quaerat est ipsam.', 1000, 9, 22, 3, '2018-05-02 10:43:50', '2018-05-02 10:43:50'),
(7, 'quidem', 'Rerum qui ut fugiat dolores nostrum quidem corporis. Est atque quo totam itaque sint. Facilis tempore voluptatem et.', 125, 2, 20, 4, '2018-05-02 10:43:50', '2018-05-02 10:43:50'),
(8, 'perspiciatis', 'Rerum sit omnis sint et. Ea aut nobis et id incidunt eius. Illum in necessitatibus sit voluptate.', 417, 6, 28, 1, '2018-05-02 10:43:50', '2018-05-02 10:43:50'),
(9, 'test', 'New Updated.', 590, 9, 3, 5, '2018-05-02 10:43:51', '2018-05-02 11:19:32'),
(10, 'autem', 'Ut laborum sit et. Accusantium quo dicta quibusdam facilis hic. Qui impedit quis qui ratione qui qui sit. Optio voluptatem impedit dolore aut eos praesentium. Sint neque voluptas aut et non.', 346, 5, 17, 3, '2018-05-02 10:43:51', '2018-05-02 10:43:51'),
(11, 'officia', 'Consequatur perferendis at fuga. Reprehenderit sit ipsam quisquam facere non nostrum ea commodi. Repudiandae et impedit quos quo. Reprehenderit ullam ipsa sit eos alias qui.', 770, 5, 12, 4, '2018-05-02 10:43:51', '2018-05-02 10:43:51'),
(12, 'consequatur', 'Voluptatum veniam facere fuga veniam vitae odio repellendus. Repellendus qui hic in aut temporibus. Qui assumenda ut et. Ut ab voluptatibus quia nihil maxime et expedita.', 543, 6, 11, 2, '2018-05-02 10:43:51', '2018-05-02 10:43:51'),
(13, 'a', 'Qui fugit quibusdam incidunt nihil consequatur. Omnis odio deleniti eum dolores consequatur. Numquam temporibus impedit corrupti consectetur vitae aut consequuntur. Est quia est consectetur ipsa tempore.', 339, 1, 6, 5, '2018-05-02 10:43:51', '2018-05-02 10:43:51'),
(14, 'ea', 'Praesentium soluta ut corporis alias facere. Repudiandae rerum mollitia porro libero. Architecto dolorem libero delectus. Est numquam dolor alias ea.', 931, 4, 20, 4, '2018-05-02 10:43:51', '2018-05-02 10:43:51'),
(15, 'in', 'Repellendus voluptates culpa labore eum excepturi suscipit a. Et aut nam veniam odit blanditiis ea consectetur ut. Occaecati rerum qui ut ea fuga error cum. Cum quae laudantium magnam aut iste.', 470, 1, 19, 4, '2018-05-02 10:43:51', '2018-05-02 10:43:51'),
(16, 'corrupti', 'Pariatur cupiditate id ratione neque explicabo quia autem molestiae. Suscipit possimus iure et repellendus maxime ullam. Consequuntur necessitatibus sunt ullam quam odio laborum. Sint reprehenderit consectetur eos distinctio qui perspiciatis expedita.', 317, 7, 24, 3, '2018-05-02 10:43:51', '2018-05-02 10:43:51'),
(17, 'non', 'Quia voluptatem reprehenderit accusamus voluptates. Necessitatibus itaque tempora pariatur neque deserunt iusto ut. Itaque sit reiciendis eveniet itaque quidem sed est. Ab ea quia laborum dolorum. Occaecati eaque ea labore rerum incidunt et.', 566, 0, 16, 2, '2018-05-02 10:43:51', '2018-05-02 10:43:51'),
(18, 'provident', 'Qui recusandae inventore voluptas est. Necessitatibus quidem reprehenderit est praesentium natus cum tenetur id. Officia fugit sapiente ut sed quia. Veritatis eum maxime aut sapiente.', 237, 5, 12, 2, '2018-05-02 10:43:51', '2018-05-02 10:43:51'),
(19, 'eos', 'Doloribus earum accusamus aut doloribus perferendis. Totam rerum corporis eligendi. Consectetur exercitationem est enim dolorum voluptatem itaque. Iure a qui nihil occaecati.', 661, 1, 12, 4, '2018-05-02 10:43:51', '2018-05-02 10:43:51'),
(20, 'cumque', 'Fugiat quo rerum necessitatibus voluptates vero asperiores. Sed et mollitia praesentium sed quia veniam.', 462, 1, 26, 2, '2018-05-02 10:43:51', '2018-05-02 10:43:51'),
(21, 'unde', 'Laudantium aut in neque facere vitae possimus nobis. Iure omnis iusto fuga amet. Delectus sit asperiores aliquam rerum provident. Est saepe vel voluptas qui.', 715, 7, 11, 1, '2018-05-02 10:43:51', '2018-05-02 10:43:51'),
(22, 'quia', 'Magni aut doloremque architecto. Voluptas natus sapiente voluptatem voluptas harum id voluptas. Veritatis quisquam similique ipsam pariatur.', 675, 5, 24, 5, '2018-05-02 10:43:51', '2018-05-02 10:43:51'),
(23, 'culpa', 'Quia quis et nemo veritatis rerum fugiat. Necessitatibus impedit aut ad aut. Aliquam sint et delectus.', 228, 6, 17, 5, '2018-05-02 10:43:51', '2018-05-02 10:43:51'),
(24, 'ea', 'Ad omnis placeat voluptatibus. Quia illum quia nemo impedit laborum nihil rerum. Provident sunt alias et quae illum.', 316, 7, 19, 1, '2018-05-02 10:43:51', '2018-05-02 10:43:51'),
(25, 'eum', 'Porro quia est vel eum adipisci veniam. Possimus ab nemo necessitatibus itaque expedita. Qui culpa veritatis dignissimos.', 468, 8, 2, 2, '2018-05-02 10:43:51', '2018-05-02 10:43:51'),
(26, 'harum', 'Ut incidunt hic accusantium magni omnis eos. Inventore sit quos aliquam ratione. Quisquam et quibusdam beatae omnis molestias. Consequatur vitae repudiandae reprehenderit.', 444, 3, 27, 4, '2018-05-02 10:43:51', '2018-05-02 10:43:51'),
(27, 'enim', 'Vero nihil iure porro et sit non. A voluptate quo et perferendis sint dolore vero.', 237, 2, 5, 5, '2018-05-02 10:43:51', '2018-05-02 10:43:51'),
(28, 'est', 'Quod laboriosam quisquam rerum sapiente quos vero ipsam. Sunt odit eos laboriosam fugit repudiandae. Dolorem non veritatis nostrum praesentium vero consequatur.', 962, 2, 4, 5, '2018-05-02 10:43:51', '2018-05-02 10:43:51'),
(29, 'animi', 'Adipisci quisquam optio maxime porro. Saepe est exercitationem corporis dolorem dolores neque nemo ipsum. Dolores excepturi eos exercitationem eaque dignissimos iure quidem.', 395, 8, 5, 2, '2018-05-02 10:43:51', '2018-05-02 10:43:51'),
(30, 'dicta', 'Ad voluptatem at commodi autem. Ex consequatur aperiam harum. Quidem dolorem maiores sed qui.', 354, 1, 3, 2, '2018-05-02 10:43:51', '2018-05-02 10:43:51'),
(31, 'recusandae', 'Quam sit aut libero optio. Non illum vel nam nemo et autem. Quia quia et tempora minima aut dicta commodi. Aperiam magni aperiam corporis expedita doloribus quis. Odit quas sit laudantium qui nemo doloremque illo.', 451, 4, 10, 1, '2018-05-02 10:43:51', '2018-05-02 10:43:51'),
(32, 'perspiciatis', 'Fugit soluta inventore molestiae corporis consequatur. Sint voluptatem quia voluptas harum soluta. Voluptas ut aut dolorem repellendus ut error in.', 714, 5, 23, 2, '2018-05-02 10:43:51', '2018-05-02 10:43:51'),
(33, 'itaque', 'Eum at inventore pariatur reiciendis et quo. Iusto ut vitae aperiam nostrum. Vero ut ut pariatur pariatur sit alias.', 702, 9, 13, 3, '2018-05-02 10:43:51', '2018-05-02 10:43:51'),
(34, 'voluptatem', 'Quia et ut qui voluptas. Quam facere sint ipsam est id. Unde ea est est repudiandae molestiae. Labore repudiandae aut ab voluptates eveniet rerum. Excepturi totam laboriosam inventore non.', 443, 1, 30, 1, '2018-05-02 10:43:51', '2018-05-02 10:43:51'),
(35, 'maxime', 'Minus dolorem quo sit ut. Et adipisci distinctio amet voluptas et qui sed similique. Quibusdam temporibus aut qui enim occaecati vel saepe vitae.', 262, 7, 15, 3, '2018-05-02 10:43:51', '2018-05-02 10:43:51'),
(36, 'unde', 'Maxime reiciendis cum sunt enim porro. Et illo voluptatum molestias blanditiis labore. Et quas omnis maxime quas exercitationem voluptate cumque. Consequatur incidunt temporibus aut suscipit sed sequi.', 521, 0, 9, 2, '2018-05-02 10:43:51', '2018-05-02 10:43:51'),
(37, 'dolores', 'Quam quas delectus aperiam. Vitae consectetur quidem quo. Id et dolorem ipsa magnam.', 335, 2, 13, 1, '2018-05-02 10:43:51', '2018-05-02 10:43:51'),
(38, 'et', 'Numquam ducimus nihil quo doloribus est officia. Tenetur in tenetur nihil dignissimos aliquam. Ad amet temporibus temporibus aut veniam eius error. Vitae fugiat perspiciatis et sint sequi.', 415, 9, 15, 4, '2018-05-02 10:43:51', '2018-05-02 10:43:51'),
(39, 'qui', 'Quia odit voluptas veritatis. Ullam animi excepturi sed ut sunt. Natus animi qui accusantium molestiae. Impedit animi laudantium voluptates necessitatibus dicta sunt. Commodi nulla enim ut.', 140, 8, 23, 4, '2018-05-02 10:43:51', '2018-05-02 10:43:51'),
(40, 'maiores', 'Consequatur quae unde a fugit ipsa. Quasi deleniti excepturi blanditiis asperiores consequatur. Neque animi natus similique vitae earum aliquid hic.', 699, 2, 16, 1, '2018-05-02 10:43:51', '2018-05-02 10:43:51'),
(41, 'incidunt', 'Unde doloribus nesciunt animi qui quisquam illo laboriosam sed. Et occaecati alias ut quis. Sunt neque est dolor similique corporis. Quisquam doloribus aperiam omnis reprehenderit quos.', 327, 4, 7, 3, '2018-05-02 10:43:51', '2018-05-02 10:43:51'),
(42, 'dolorem', 'Voluptatem dolore debitis molestiae expedita. Ullam officiis et itaque repudiandae. Voluptate est ut optio quia.', 919, 7, 16, 2, '2018-05-02 10:43:51', '2018-05-02 10:43:51'),
(43, 'cumque', 'Accusantium voluptas tempora labore. Nihil earum nihil qui rerum. Et a culpa et earum in.', 482, 7, 25, 2, '2018-05-02 10:43:52', '2018-05-02 10:43:52'),
(44, 'eos', 'Fuga est deleniti voluptas architecto velit enim. Eligendi velit sit aliquam beatae. Sit ut est ut.', 901, 9, 20, 2, '2018-05-02 10:43:52', '2018-05-02 10:43:52'),
(45, 'voluptates', 'Placeat natus est dignissimos dolor ullam non. Explicabo dolores reprehenderit consectetur vel consequatur sed. Consequatur est ipsum voluptatum. Maiores numquam accusantium tempora.', 854, 4, 15, 5, '2018-05-02 10:43:52', '2018-05-02 10:43:52'),
(46, 'placeat', 'Nesciunt et dolores architecto autem quisquam et aut. Impedit eius non autem consequatur sunt sed dolores. Velit iste deserunt aliquam quia. Nisi expedita ab soluta nemo debitis asperiores.', 869, 5, 2, 3, '2018-05-02 10:43:52', '2018-05-02 10:43:52'),
(47, 'asperiores', 'Necessitatibus ipsum ad molestias dolorem aut maiores in voluptatem. Est sit eos debitis et. Aliquam dolores at sunt voluptas quisquam adipisci laborum.', 449, 7, 3, 3, '2018-05-02 10:43:52', '2018-05-02 10:43:52'),
(48, 'quae', 'Iste perspiciatis et et et. Voluptas perferendis necessitatibus magnam est assumenda. Accusantium quasi quas accusamus.', 888, 9, 9, 4, '2018-05-02 10:43:52', '2018-05-02 10:43:52'),
(49, 'eligendi', 'Et tempore magni sed consequatur sapiente et. Molestias deserunt temporibus at hic incidunt non sed. Et est qui asperiores qui dolorem.', 250, 4, 11, 1, '2018-05-02 10:43:52', '2018-05-02 10:43:52'),
(50, 'iste', 'Ipsum et id libero non voluptatem asperiores. Commodi officia dolor sed. Deleniti et quia dolor ut enim. Dolorem alias et temporibus ut est consequatur.', 882, 4, 3, 1, '2018-05-02 10:43:52', '2018-05-02 10:43:52');

-- --------------------------------------------------------

--
-- Table structure for table `reviews`
--

CREATE TABLE `reviews` (
  `id` int(10) UNSIGNED NOT NULL,
  `product_id` int(10) UNSIGNED NOT NULL,
  `customer` varchar(191) COLLATE utf8mb4_unicode_ci NOT NULL,
  `review` text COLLATE utf8mb4_unicode_ci NOT NULL,
  `star` int(11) NOT NULL,
  `created_at` timestamp NULL DEFAULT NULL,
  `updated_at` timestamp NULL DEFAULT NULL
) ENGINE=InnoDB DEFAULT CHARSET=utf8mb4 COLLATE=utf8mb4_unicode_ci;

--
-- Dumping data for table `reviews`
--

INSERT INTO `reviews` (`id`, `product_id`, `customer`, `review`, `star`, `created_at`, `updated_at`) VALUES
(1, 2, 'Rosalia Rice', 'Illo omnis laborum placeat dolorum. Deleniti recusandae consequuntur saepe nisi quo. Voluptatem et ratione qui. Ea sapiente ut sed placeat.', 5, '2018-05-02 10:43:52', '2018-05-02 10:43:52'),
(2, 46, 'Yoshiko Strosin', 'Enim voluptatem non repellendus animi. Deleniti et aspernatur enim nulla dignissimos. Rem repudiandae laboriosam dolor ut dolore non natus.', 1, '2018-05-02 10:43:52', '2018-05-02 10:43:52'),
(3, 5, 'Mikayla Kuvalis', 'Labore consectetur nemo minima est et est. Excepturi rerum aut quia assumenda.', 0, '2018-05-02 10:43:53', '2018-05-02 10:43:53'),
(4, 2, 'Chester Ferry DDS', 'Voluptas ut dolor dolores tenetur nesciunt provident. Sunt consequatur nihil a aut dolores reprehenderit consequatur. Eveniet rerum magnam eligendi eligendi ut.', 4, '2018-05-02 10:43:53', '2018-05-02 10:43:53'),
(5, 6, 'Diego Hermiston', 'Odit ut dolor suscipit quisquam aut autem numquam. Porro placeat occaecati soluta tempora. Est vero expedita error veniam. Non dignissimos expedita in et sequi.', 0, '2018-05-02 10:43:53', '2018-05-02 10:43:53'),
(6, 12, 'Cory Rosenbaum', 'Nobis recusandae neque dignissimos corrupti eaque et odio. Accusamus quidem in dolorum consequatur magnam sint. Dolorem quas sed sed adipisci.', 3, '2018-05-02 10:43:53', '2018-05-02 10:43:53'),
(7, 15, 'Kristoffer Upton', 'Et eum explicabo accusantium voluptatem rerum sint. Vitae dolorem nesciunt quisquam sed totam id. Quod sed similique dolor aut aut et.', 4, '2018-05-02 10:43:53', '2018-05-02 10:43:53'),
(8, 29, 'Quinton Bogan III', 'Veritatis qui soluta minima nobis molestiae. Quia est et dicta molestiae et maiores.', 0, '2018-05-02 10:43:53', '2018-05-02 10:43:53'),
(9, 22, 'Annamarie Champlin III', 'Aut qui et maiores consectetur cupiditate perferendis. Incidunt magni ratione maxime voluptatem eum molestiae. Eligendi qui accusamus hic quisquam aut. Aliquid eos laboriosam ipsa eligendi.', 0, '2018-05-02 10:43:53', '2018-05-02 10:43:53'),
(10, 7, 'Miss Bridie Prosacco III', 'Porro numquam enim et perferendis. Quos minima eos tenetur tempora earum. Reiciendis sunt voluptate aliquid officiis saepe.', 4, '2018-05-02 10:43:53', '2018-05-02 10:43:53'),
(11, 5, 'Dylan Jacobs', 'Deleniti et magni magnam ipsam eum minima. Sunt harum ut ipsam non qui ea facilis. Non omnis itaque ut in magni debitis quaerat.', 1, '2018-05-02 10:43:53', '2018-05-02 10:43:53'),
(12, 38, 'Wilhelmine Kilback', 'Quis et iure et pariatur inventore. Quam rerum et voluptatem quaerat quasi molestiae. Quasi itaque quia labore voluptates ad earum suscipit architecto. Facere repellat tenetur quia distinctio nobis consectetur.', 3, '2018-05-02 10:43:53', '2018-05-02 10:43:53'),
(13, 34, 'Prof. Scot Reichel', 'Ut ut qui omnis rerum. Modi animi illo doloribus illo est adipisci odit. Odio doloribus incidunt saepe et voluptatum. Natus magni reprehenderit qui ipsum dicta asperiores nulla. Optio dolores qui necessitatibus dolorum.', 0, '2018-05-02 10:43:53', '2018-05-02 10:43:53'),
(14, 22, 'Javier Jones', 'Tempore consequatur magnam aliquam eius facere sit. Eos quidem magni rerum et. Et fugit dolores voluptate iure id quia minus asperiores. Nemo quasi qui officia molestiae non eos facilis.', 2, '2018-05-02 10:43:53', '2018-05-02 10:43:53'),
(15, 26, 'Prof. Al Boyer', 'Commodi corrupti consequuntur nam fuga perferendis hic vel. Vel nesciunt cupiditate ex maxime debitis. Vel dolor deserunt vero.', 0, '2018-05-02 10:43:53', '2018-05-02 10:43:53'),
(16, 5, 'Prof. Jules Haag', 'At est fugit distinctio amet. Reprehenderit sed nam saepe et velit eos. Esse beatae dolorum perferendis est neque. Animi vel nesciunt blanditiis eos ratione.', 2, '2018-05-02 10:43:53', '2018-05-02 10:43:53'),
(17, 2, 'Electa Abbott', 'Aspernatur veritatis voluptatibus aut vero. Tenetur et corporis officiis aliquam repudiandae. Nisi autem in voluptas dolorem. Et facere fugiat molestiae aut nostrum.', 2, '2018-05-02 10:43:53', '2018-05-02 10:43:53'),
(18, 35, 'Linnea Herzog', 'Eius quia ullam et non velit. Quis quas perspiciatis qui nihil quis qui optio earum. Aspernatur eligendi nam id natus. Voluptatibus quas quo ducimus culpa.', 4, '2018-05-02 10:43:53', '2018-05-02 10:43:53'),
(19, 11, 'Claude Ferry', 'Aut amet enim ipsa. Fuga aut omnis et id. Nihil cupiditate nisi voluptatum tempore perferendis quia autem.', 2, '2018-05-02 10:43:53', '2018-05-02 10:43:53'),
(20, 16, 'Miss Enola Mueller Sr.', 'Autem saepe quam culpa nobis rerum dolorem excepturi. Saepe impedit cum quia deserunt voluptatem. Soluta nihil cumque aut quidem asperiores maiores. Dolorum id ratione illo nulla eum.', 3, '2018-05-02 10:43:53', '2018-05-02 10:43:53'),
(21, 26, 'Nat Streich', 'Deleniti omnis eaque aut voluptatem consequatur praesentium facilis ipsa. Quisquam aut reiciendis accusamus id voluptatem voluptas ea. Quos ratione adipisci id itaque. Illum odio rerum ut dicta.', 5, '2018-05-02 10:43:53', '2018-05-02 10:43:53'),
(22, 5, 'Joyce Hartmann', 'Ipsa possimus cum dolorem quo maxime. Aut autem commodi tenetur fugiat quam vero et. Nam ut nostrum autem reiciendis.', 0, '2018-05-02 10:43:53', '2018-05-02 10:43:53'),
(23, 10, 'Ms. Allison Barrows', 'Architecto inventore sint molestiae repellat. Illum enim sequi fugit dolor nisi. Quae dolor dolor ullam quia. Libero reiciendis corporis quo.', 0, '2018-05-02 10:43:53', '2018-05-02 10:43:53'),
(24, 35, 'Soledad Schaden', 'Eum repudiandae eum aut dolorem culpa. Dolores excepturi libero et nihil voluptatibus quo saepe. Ut magnam dolorem nam eius qui et. Ut molestias voluptatem qui qui sed excepturi magnam.', 0, '2018-05-02 10:43:53', '2018-05-02 10:43:53'),
(25, 22, 'Sage Glover III', 'Dicta dolorum sed eius nisi est animi. Labore asperiores ab repellendus pariatur officia vel alias. Omnis aliquid animi culpa nam totam. Minima excepturi quia aperiam sapiente adipisci porro.', 4, '2018-05-02 10:43:53', '2018-05-02 10:43:53'),
(26, 28, 'Eveline Crooks', 'Aut sapiente iusto ut totam qui. Ipsa fugiat consectetur enim maxime rerum. Velit quaerat enim atque repellendus dolores. Sed fugiat aut dolore est vel adipisci velit nostrum.', 2, '2018-05-02 10:43:53', '2018-05-02 10:43:53'),
(27, 7, 'Nigel Turner', 'Sequi eum exercitationem labore qui enim. Voluptas harum rerum cupiditate porro deleniti pariatur vel. Autem inventore nihil et repellat.', 0, '2018-05-02 10:43:53', '2018-05-02 10:43:53'),
(28, 48, 'Kane Gerhold II', 'Harum voluptatibus eum et consequatur aliquid dolorem qui. Quos facilis ex voluptas officiis magni. Quo quia rerum ea.', 5, '2018-05-02 10:43:53', '2018-05-02 10:43:53'),
(29, 28, 'Dr. Richard Kemmer Jr.', 'Ea eum distinctio ducimus aut impedit quibusdam. Ratione et labore quisquam veniam eligendi. Est assumenda consectetur dolorem qui cupiditate eligendi iste. Cupiditate perspiciatis consequatur laudantium neque id et ipsa saepe.', 0, '2018-05-02 10:43:53', '2018-05-02 10:43:53'),
(30, 21, 'Erna Lehner', 'Eum suscipit aut consectetur et a officia aut. Rem enim atque iste laudantium maiores incidunt voluptas officia. Aut voluptates voluptas minus optio iusto voluptatum.', 4, '2018-05-02 10:43:53', '2018-05-02 10:43:53'),
(31, 19, 'Darrick Fay', 'Est omnis et et optio. Rerum at tempore ea quis sequi voluptatem quaerat.', 1, '2018-05-02 10:43:53', '2018-05-02 10:43:53'),
(32, 20, 'Irma Reinger I', 'Accusantium eos ut cupiditate consequatur id. Itaque deleniti nesciunt consectetur commodi minus in ad. Quia ex ducimus cumque id numquam suscipit. Mollitia reprehenderit officiis voluptate veritatis harum et. Nemo qui quo quia placeat veniam ut magni est.', 1, '2018-05-02 10:43:53', '2018-05-02 10:43:53'),
(33, 31, 'Prof. Karolann Schulist', 'Deserunt vel minima expedita. Beatae nesciunt nemo nemo aspernatur quibusdam quos reiciendis iure. Illum consequatur quae earum vel quia sed voluptates. Voluptas et nam in vel eos enim.', 2, '2018-05-02 10:43:53', '2018-05-02 10:43:53'),
(34, 10, 'Marianne Feil II', 'Quasi quia aut atque exercitationem harum. Omnis vel quasi atque similique omnis accusamus et accusantium. Molestiae facilis magni beatae et qui. Soluta minima magni mollitia qui ratione iste quos ducimus.', 1, '2018-05-02 10:43:53', '2018-05-02 10:43:53'),
(35, 29, 'Patrick Yundt', 'Corporis ut labore aut reiciendis totam odit. Voluptate dolore minima perspiciatis consequuntur sapiente necessitatibus. Repellendus sit vero consequatur minima saepe aliquid eos.', 0, '2018-05-02 10:43:53', '2018-05-02 10:43:53'),
(36, 11, 'Esperanza Russel', 'Quas suscipit voluptas quasi quas assumenda culpa provident cupiditate. Architecto vero ab neque officia quidem quam. Qui aut incidunt et molestiae alias. Autem non accusantium minus et omnis.', 2, '2018-05-02 10:43:53', '2018-05-02 10:43:53'),
(37, 40, 'Prof. Hayden Thiel', 'Est neque aut dolorem sint adipisci voluptatem laboriosam minus. Voluptatibus quia enim officia dolores nesciunt cupiditate. Eum autem aspernatur iusto sunt voluptatem. Officiis harum voluptatem quis quisquam aperiam nemo.', 4, '2018-05-02 10:43:54', '2018-05-02 10:43:54'),
(38, 47, 'Janiya Marvin', 'Voluptas quae tempora perferendis eos ut reprehenderit. Quos odit ullam fugit molestiae adipisci molestias enim. Consequatur est sed quia aut quia.', 2, '2018-05-02 10:43:54', '2018-05-02 10:43:54'),
(39, 17, 'Dr. Maverick Marvin PhD', 'Voluptas soluta rerum minus minus harum distinctio error. Architecto voluptas accusantium et. Rem est ut corporis et.', 0, '2018-05-02 10:43:54', '2018-05-02 10:43:54'),
(40, 21, 'Prof. Rosendo Dach IV', 'Sed dignissimos reiciendis et minima. Omnis fugit sed earum. Est non et voluptatum sed sed fugiat voluptatem.', 4, '2018-05-02 10:43:54', '2018-05-02 10:43:54'),
(41, 16, 'Mekhi Botsford', 'Harum odio ullam minus voluptas aut ut tempora. Minus quis minus eum non ducimus optio saepe ut. Facere consequatur enim officiis corrupti corporis.', 3, '2018-05-02 10:43:54', '2018-05-02 10:43:54'),
(42, 49, 'Dana Kohler', 'Accusantium in quos voluptatem rerum eveniet. Autem asperiores quo in delectus inventore quae ab. Qui sed similique praesentium quis ut eos qui.', 5, '2018-05-02 10:43:54', '2018-05-02 10:43:54'),
(43, 23, 'Velva Volkman', 'Est fuga eum explicabo nostrum quis beatae. Omnis laudantium est excepturi perspiciatis provident. Iure iusto distinctio cupiditate vero magni unde deserunt. Ut nulla sed ea assumenda aut sit.', 1, '2018-05-02 10:43:54', '2018-05-02 10:43:54'),
(44, 18, 'Prof. Charlie Kuhn V', 'Eum ut dolorem repudiandae. Et asperiores cupiditate non est. Inventore qui temporibus officia voluptate fugiat corrupti aut. Aliquam in eum fugit facilis laborum quis.', 0, '2018-05-02 10:43:54', '2018-05-02 10:43:54'),
(45, 32, 'Ben Ritchie', 'Hic ab numquam officiis dolore. Iste quod exercitationem iste omnis alias delectus quia. Et consequatur provident voluptatibus est facilis cupiditate.', 5, '2018-05-02 10:43:54', '2018-05-02 10:43:54'),
(46, 44, 'Mr. Jessie Leannon I', 'Eaque et et nostrum reiciendis earum mollitia perspiciatis. Voluptatem magnam sit quae culpa eligendi et molestiae. Similique cumque dolorum et et. Sed velit sed quia.', 0, '2018-05-02 10:43:54', '2018-05-02 10:43:54'),
(47, 39, 'Elza Parker', 'Aut nihil qui officia quod eius sed. Non quidem excepturi consequuntur. Molestias rerum minima sit quo doloremque. Rerum quidem alias eius voluptatibus.', 4, '2018-05-02 10:43:54', '2018-05-02 10:43:54'),
(48, 38, 'Flossie Hansen', 'Vero voluptatem quam consequatur explicabo. Officia numquam amet sit ratione voluptas dolor earum. Voluptatem dolores sapiente vel modi sint facere iure. Eveniet consequatur ut occaecati eaque quo asperiores. Et esse sed sit dolorem excepturi.', 0, '2018-05-02 10:43:54', '2018-05-02 10:43:54'),
(49, 28, 'Gertrude Daugherty', 'Molestiae velit autem ea nihil modi et esse. Eum quidem quod eum in rerum non. Qui sed sapiente et non.', 1, '2018-05-02 10:43:54', '2018-05-02 10:43:54'),
(50, 15, 'Isaiah Hauck Jr.', 'Eum ut ut ipsa earum officia voluptas. Perferendis provident quas voluptatem qui omnis sed distinctio. Veritatis sed id sit.', 0, '2018-05-02 10:43:54', '2018-05-02 10:43:54'),
(51, 31, 'Miss Kailyn Blick II', 'Suscipit hic voluptatibus culpa voluptatem amet. Minima porro odio iure nihil quo distinctio aspernatur. Qui et voluptate molestias similique aut dolor ad aperiam. Assumenda voluptates libero odit.', 3, '2018-05-02 10:43:54', '2018-05-02 10:43:54'),
(52, 50, 'Nina Walter', 'Aut reprehenderit laudantium porro sapiente molestias quos. Blanditiis itaque numquam deleniti consequatur facere ullam et beatae. Ut earum accusantium placeat dolor. In illo quidem est fuga et beatae.', 5, '2018-05-02 10:43:54', '2018-05-02 10:43:54'),
(53, 46, 'Micheal Rau IV', 'A illo explicabo consequatur labore nisi maxime id. Dignissimos maxime et sint accusantium rerum culpa rerum. Doloremque aspernatur doloremque tenetur quidem consequatur facilis. Et debitis suscipit est ipsa quibusdam harum tempore.', 1, '2018-05-02 10:43:54', '2018-05-02 10:43:54'),
(54, 36, 'Agnes Eichmann', 'Voluptas enim sint quae et quia voluptate. Quaerat voluptate possimus ut. Nostrum est itaque iure.', 1, '2018-05-02 10:43:54', '2018-05-02 10:43:54'),
(55, 43, 'Julia Lindgren DDS', 'Nisi facilis et cum ut ad et. Tempora quia iste vel. Et quia totam deleniti ad et ducimus. In enim architecto facilis.', 2, '2018-05-02 10:43:54', '2018-05-02 10:43:54'),
(56, 38, 'Amya Auer III', 'Temporibus ut nihil adipisci ut impedit. Sint odio eum nemo illum commodi harum. Ipsam et beatae odit ipsum minus eum voluptatibus.', 3, '2018-05-02 10:43:54', '2018-05-02 10:43:54'),
(57, 15, 'Eda Koss', 'Sed nesciunt ipsum hic nemo magnam explicabo dolorem. Voluptas consequuntur natus dolore.', 2, '2018-05-02 10:43:54', '2018-05-02 10:43:54'),
(58, 46, 'Prof. Hermina Bayer', 'Atque recusandae nobis deserunt numquam nemo quis. Repellat vel vero autem rerum. Iste quia sit voluptatem et totam hic.', 3, '2018-05-02 10:43:54', '2018-05-02 10:43:54'),
(59, 21, 'Jordan D\'Amore', 'Explicabo est rerum praesentium. Consequatur ipsum quod voluptate. Libero ipsam animi nesciunt consequatur non.', 3, '2018-05-02 10:43:54', '2018-05-02 10:43:54'),
(60, 31, 'Jared Jacobi', 'In sapiente nihil cupiditate ab tempora. Esse perspiciatis quis laboriosam sed nihil dolorem. Molestiae totam tempora aspernatur sunt quia at ipsum totam. Doloremque cum tenetur omnis.', 4, '2018-05-02 10:43:54', '2018-05-02 10:43:54'),
(61, 16, 'Yvette Krajcik', 'Repellat voluptatum sit dolores qui vel nisi vel. Pariatur illum fuga exercitationem vel. Eaque quia repudiandae illum harum deleniti laborum. Voluptatem rem voluptatibus debitis velit qui ipsam qui.', 2, '2018-05-02 10:43:54', '2018-05-02 10:43:54'),
(62, 11, 'Mariam Hamill', 'Qui sapiente iure assumenda repellendus totam. Ea omnis aut qui. Occaecati omnis possimus adipisci. Iusto ducimus laborum mollitia odit autem.', 5, '2018-05-02 10:43:54', '2018-05-02 10:43:54'),
(63, 11, 'Walker Bartell I', 'Illo dicta quas ratione qui et. Optio distinctio sit quia. Quia harum mollitia aspernatur libero doloribus placeat. Doloremque quia quisquam odio explicabo voluptate odio voluptas.', 5, '2018-05-02 10:43:54', '2018-05-02 10:43:54'),
(64, 12, 'Angeline Hahn DVM', 'Est ut et aut sit. Commodi nihil possimus perspiciatis et. Ut consequatur provident provident et ad numquam vel.', 0, '2018-05-02 10:43:54', '2018-05-02 10:43:54'),
(65, 5, 'Bernadine Waters IV', 'Praesentium et qui blanditiis omnis nesciunt veritatis consequatur. Nihil incidunt sed enim aspernatur qui cumque et. Explicabo est ea molestiae qui incidunt esse delectus. Sit quis magni sequi. Voluptatem ut ut aperiam assumenda itaque.', 5, '2018-05-02 10:43:54', '2018-05-02 10:43:54'),
(66, 11, 'Heath Predovic', 'Error necessitatibus maiores alias et. Necessitatibus quia sit sunt exercitationem. Sit sunt non voluptatibus qui ut assumenda et.', 1, '2018-05-02 10:43:54', '2018-05-02 10:43:54'),
(67, 23, 'Aryanna Grant DDS', 'Sed ducimus est quasi sed. Odio consectetur recusandae est. Possimus aut excepturi dignissimos iure. Nihil amet aspernatur libero nisi reiciendis rerum tempore sunt.', 0, '2018-05-02 10:43:54', '2018-05-02 10:43:54'),
(68, 25, 'Mr. Triston Cartwright', 'Qui debitis voluptas ad et et quia ipsa. Minima quaerat voluptatum non omnis. Est occaecati dignissimos saepe veritatis rerum.', 0, '2018-05-02 10:43:54', '2018-05-02 10:43:54'),
(69, 21, 'Lilian Grant III', 'Ut cupiditate harum nostrum deleniti explicabo qui nisi. Maxime est sit qui consequatur. Quia facilis facere suscipit dolor ut deserunt. Cupiditate consequatur aut sapiente quos veniam voluptatem ad.', 0, '2018-05-02 10:43:54', '2018-05-02 10:43:54'),
(70, 40, 'Golden Johns', 'Iusto temporibus sit omnis atque neque. Nulla tenetur illo et. Dolorem assumenda harum placeat doloribus placeat qui aliquam. Excepturi totam quia veritatis est nihil aperiam.', 3, '2018-05-02 10:43:54', '2018-05-02 10:43:54'),
(71, 25, 'Mr. Oren Ortiz DVM', 'Repellendus dolores et veniam quae. Quaerat dicta ut tenetur consectetur minima. Alias consequatur velit at ipsum. Dolor blanditiis quam repudiandae qui voluptas consequatur.', 3, '2018-05-02 10:43:54', '2018-05-02 10:43:54'),
(72, 32, 'Twila Torp', 'Ipsam non quidem sit dignissimos nulla. Voluptatem a nam sint et amet. Eaque velit accusantium sit iusto.', 5, '2018-05-02 10:43:55', '2018-05-02 10:43:55'),
(73, 22, 'Angela Ledner', 'Deleniti fugiat odit enim ut sed omnis. Eos ea nobis dolor ab magni. Deserunt numquam exercitationem officiis molestias dolorum.', 5, '2018-05-02 10:43:55', '2018-05-02 10:43:55'),
(74, 9, 'Celia Kozey DDS', 'Praesentium atque ea magni officiis. Aut cumque porro neque repudiandae omnis amet neque. Ea et culpa voluptatibus quia laboriosam qui. Dolorem suscipit molestiae omnis distinctio velit. Rerum facilis eveniet veritatis sunt eum.', 0, '2018-05-02 10:43:55', '2018-05-02 10:43:55'),
(75, 40, 'Prof. Janet Schuster III', 'Dolores ullam quo omnis facere. Autem saepe dolorem ab repudiandae aut natus ad facilis. Qui quia quia nostrum. Autem omnis eligendi et mollitia est magni ipsum.', 1, '2018-05-02 10:43:55', '2018-05-02 10:43:55'),
(76, 33, 'Maryjane Wyman DDS', 'Modi ut aliquid fugiat voluptatibus delectus consequuntur. Quia iste qui labore maiores error facere aut facere. Sint velit nihil est ipsum quidem alias. Voluptatem sit quibusdam voluptatem voluptas quia dignissimos.', 5, '2018-05-02 10:43:55', '2018-05-02 10:43:55'),
(77, 44, 'Bessie Schowalter', 'Voluptates aliquid dolorem at voluptatibus. Rerum ab non ut atque dicta repellendus laboriosam. Sit eligendi laudantium minus porro consectetur.', 5, '2018-05-02 10:43:55', '2018-05-02 10:43:55'),
(78, 37, 'Camylle Reinger', 'Et magni tempora quia explicabo praesentium. Commodi sit ad eum. Veniam et ad doloribus vel minima vero. Exercitationem ad minima excepturi quaerat laudantium.', 5, '2018-05-02 10:43:55', '2018-05-02 10:43:55'),
(79, 37, 'Jamaal Fahey', 'Repellendus amet quos sed voluptatem eum. Quos et ut a dolorum. Eum et inventore voluptatem est sunt.', 0, '2018-05-02 10:43:55', '2018-05-02 10:43:55'),
(80, 30, 'Elinore Hamill', 'Voluptatum sit veniam voluptas laboriosam qui est sint. Eum officia amet molestias deleniti eum. Tempore ut sunt numquam ex sunt praesentium. Consequatur praesentium rerum ab vitae eius et fugit.', 1, '2018-05-02 10:43:55', '2018-05-02 10:43:55'),
(81, 21, 'Reyna Kulas', 'Eum a dolores voluptas qui ab laudantium explicabo. Soluta accusantium aut cumque explicabo laborum ut sint. Cupiditate rerum non suscipit quis fugit. Repellat quae fugit sequi architecto. Maiores ut laborum autem totam ducimus voluptatum.', 0, '2018-05-02 10:43:55', '2018-05-02 10:43:55'),
(82, 31, 'Virgie Blanda', 'Aut temporibus facilis qui debitis expedita perspiciatis. Provident voluptatem eum voluptates tenetur qui. Soluta culpa aut facere qui voluptatem magnam iusto.', 1, '2018-05-02 10:43:55', '2018-05-02 10:43:55'),
(83, 42, 'Prof. Celia Cruickshank', 'Consectetur est modi et laboriosam id velit. Dolor sint consequatur aliquid dignissimos ipsam voluptatem. Error et ut aperiam omnis deserunt. Ducimus molestiae quasi earum iusto maxime in recusandae.', 0, '2018-05-02 10:43:55', '2018-05-02 10:43:55'),
(84, 5, 'German Goldner', 'Non quia in eaque officiis ipsa eos. Voluptas nobis et illo nihil beatae consequuntur voluptate veritatis.', 0, '2018-05-02 10:43:55', '2018-05-02 10:43:55'),
(85, 11, 'Prof. John Heidenreich', 'Consequatur dolores modi enim alias et. Doloribus ut enim et voluptas ipsa quis maxime.', 4, '2018-05-02 10:43:55', '2018-05-02 10:43:55'),
(86, 4, 'Ernestina Pfeffer', 'Tempore quidem omnis maxime et. Nostrum dicta id ut dolore cumque natus. Voluptas tempore odit accusantium aut nobis rerum.', 1, '2018-05-02 10:43:55', '2018-05-02 10:43:55'),
(87, 10, 'Asia Corkery I', 'Recusandae et pariatur rerum in neque. Ab ipsa voluptates recusandae voluptates magnam dolores est. Excepturi dignissimos repellat fugiat quia modi nemo quas. Minima deleniti doloribus blanditiis in nobis placeat.', 3, '2018-05-02 10:43:55', '2018-05-02 10:43:55'),
(88, 25, 'Lupe Bosco', 'Aut necessitatibus recusandae quisquam quo et debitis quis. Quidem molestiae officia dicta. Quia nemo et velit eos qui ipsam. Nihil distinctio quod nihil esse facilis.', 5, '2018-05-02 10:43:55', '2018-05-02 10:43:55'),
(89, 7, 'Prof. Adelbert Littel', 'Voluptas quasi voluptates magni deleniti sequi. Consequuntur et esse mollitia. Sed veniam ipsam ea magni quam error. Omnis praesentium iste et consectetur eos unde suscipit.', 1, '2018-05-02 10:43:55', '2018-05-02 10:43:55'),
(90, 43, 'Antonio Bergnaum', 'Et inventore quos maiores id et unde. Provident repudiandae laboriosam rerum facilis non. Sed laudantium sint ut ut aperiam. Expedita explicabo amet alias architecto est vel laboriosam.', 4, '2018-05-02 10:43:55', '2018-05-02 10:43:55'),
(91, 28, 'Ryder Cronin', 'Culpa ducimus aliquid eligendi voluptatem veniam. Saepe sit maxime rem. Illum magni autem non occaecati aut odit pariatur.', 5, '2018-05-02 10:43:55', '2018-05-02 10:43:55'),
(92, 13, 'Mike Feil', 'Eos fuga voluptate enim minus. Et molestiae rerum aut dolor mollitia unde quae. Sint dolores maxime quia reiciendis. Incidunt consectetur et quas laudantium natus.', 3, '2018-05-02 10:43:55', '2018-05-02 10:43:55'),
(93, 33, 'Kimberly Haley', 'Deleniti dolores quos et. Ut necessitatibus tempora tempore repudiandae voluptate cum ea totam. Sint ipsa tempora quia sunt illum similique pariatur. Dolor maiores odit nobis omnis repudiandae unde atque. Dignissimos ut odit debitis molestiae laudantium pariatur id excepturi.', 5, '2018-05-02 10:43:55', '2018-05-02 10:43:55'),
(94, 39, 'Madaline Jacobson III', 'Deleniti rerum placeat maxime sed quos et. Soluta qui omnis optio maxime sint sequi. Ipsam voluptatem vitae est et aut non dolore voluptas. Rerum repellat et voluptatibus nam.', 4, '2018-05-02 10:43:55', '2018-05-02 10:43:55'),
(95, 7, 'Prof. Margaretta Hansen III', 'Reprehenderit et eius molestiae modi a voluptatem ut aperiam. Tempore porro ea dolore repellat. Praesentium ex unde suscipit consequuntur occaecati labore dignissimos. Repudiandae ad quia eius ut aut omnis eius.', 1, '2018-05-02 10:43:55', '2018-05-02 10:43:55'),
(96, 44, 'Prof. Loren Schuster MD', 'Libero libero itaque suscipit ex ad tempora eos. Consequatur ea sunt neque nesciunt quia. Vel qui voluptas dolor rerum est quia beatae. Ipsum deleniti et amet commodi sequi est unde.', 2, '2018-05-02 10:43:55', '2018-05-02 10:43:55'),
(97, 20, 'Ms. Yoshiko Hilpert', 'Voluptate dolorum quam assumenda accusamus sed et voluptatibus. Autem sit et qui assumenda et quam. Corrupti a at perferendis est. Aut aperiam eligendi consequuntur iure consequatur animi a. Quis quod nemo aliquam qui deserunt perspiciatis quasi enim.', 3, '2018-05-02 10:43:55', '2018-05-02 10:43:55'),
(98, 18, 'Ofelia Mraz', 'Molestias optio nam esse quod eaque delectus. Suscipit rerum ab sit et deserunt nulla cum. Voluptatibus voluptates et alias veritatis autem error aperiam praesentium.', 5, '2018-05-02 10:43:55', '2018-05-02 10:43:55'),
(99, 17, 'Dr. Ansel Nienow V', 'Et vel eligendi soluta sunt quibusdam. Necessitatibus dolor numquam quia deleniti aperiam assumenda dolorem. Et labore omnis omnis eveniet sit veritatis aliquid.', 1, '2018-05-02 10:43:55', '2018-05-02 10:43:55'),
(100, 7, 'Seth Wiegand', 'Sint ea corporis illum. Id ipsam rerum doloribus qui. Nihil ut nulla delectus perspiciatis.', 0, '2018-05-02 10:43:55', '2018-05-02 10:43:55'),
(101, 19, 'Mauricio Hermiston', 'Sapiente architecto consectetur quis reiciendis dolor. Id magni eligendi voluptatem iste pariatur neque reprehenderit. Rerum asperiores et recusandae ipsa harum corporis.', 1, '2018-05-02 10:43:55', '2018-05-02 10:43:55'),
(102, 30, 'Mrs. Joelle Maggio DVM', 'Iste dolor vel pariatur et repellat. Laboriosam sit exercitationem voluptas placeat ratione aut. Vel sed accusantium amet doloribus reiciendis. Fugit qui sed et et vel necessitatibus nemo.', 4, '2018-05-02 10:43:56', '2018-05-02 10:43:56'),
(103, 1, 'King Roob', 'At temporibus suscipit voluptatum fugiat. Laudantium architecto natus cumque ut dolor possimus quo. Nesciunt voluptatem animi nemo. Qui aliquam quia eum ut.', 3, '2018-05-02 10:43:56', '2018-05-02 10:43:56'),
(104, 30, 'Damien Deckow I', 'Necessitatibus cum laudantium nam qui qui quod id. Autem est cumque in doloribus provident fuga vel. Autem similique dolorem at sit. Consequatur mollitia dolores dolorem aliquam sapiente. Ea non quos neque quo.', 1, '2018-05-02 10:43:56', '2018-05-02 10:43:56'),
(105, 3, 'Dr. Clifton Aufderhar', 'Esse natus quo ut id illum est odit. Amet ut explicabo omnis quis voluptas consectetur ea. Illo ea et recusandae culpa illum atque minima.', 2, '2018-05-02 10:43:56', '2018-05-02 10:43:56'),
(106, 21, 'Lew Lebsack', 'Reprehenderit sit et corrupti ad. Ut iste nostrum quam aliquam voluptatem voluptatem. Et id architecto omnis et.', 0, '2018-05-02 10:43:56', '2018-05-02 10:43:56'),
(107, 2, 'Mr. Urban Balistreri', 'Vero voluptatem itaque sit eaque. Quis aut et temporibus eaque voluptates qui.', 1, '2018-05-02 10:43:56', '2018-05-02 10:43:56'),
(108, 37, 'Mrs. Shanel Rau', 'Aut quam sunt sunt distinctio numquam laborum dolores ut. Provident dicta et recusandae. Sequi eligendi repellat aut exercitationem modi incidunt ut animi. Ut earum accusamus vero nam.', 0, '2018-05-02 10:43:56', '2018-05-02 10:43:56'),
(109, 25, 'Dr. Rene Fritsch', 'Consequatur fugiat deleniti unde ut. Mollitia cum rerum enim aut. Architecto deserunt rerum excepturi vitae labore.', 2, '2018-05-02 10:43:56', '2018-05-02 10:43:56'),
(110, 33, 'Allen Franecki II', 'Optio earum ipsam ipsam inventore molestiae aut et. Unde nisi tenetur similique numquam quidem animi iste. Vero nobis et vel beatae et cumque nulla. Cupiditate nisi odit eaque asperiores.', 1, '2018-05-02 10:43:56', '2018-05-02 10:43:56'),
(111, 47, 'Burdette Harber PhD', 'Aut cupiditate quo aut excepturi nostrum et. Reiciendis iusto non et fugiat totam magnam voluptatem atque. Voluptas praesentium vel deleniti ipsa reiciendis quia quibusdam maxime. Eius commodi ipsa architecto.', 2, '2018-05-02 10:43:56', '2018-05-02 10:43:56'),
(112, 36, 'Alycia Smith', 'Consequuntur et veritatis quis nam iste cumque. Fugiat recusandae qui sint ut nam. Ipsum corporis expedita vel corporis corporis. Consequuntur neque asperiores vel et ipsam aut ab.', 3, '2018-05-02 10:43:56', '2018-05-02 10:43:56'),
(113, 25, 'Lauretta Kertzmann', 'Autem et omnis minus ab unde at dolor quia. Perferendis commodi non debitis. Ut rerum dolorem in et reprehenderit.', 3, '2018-05-02 10:43:56', '2018-05-02 10:43:56'),
(114, 50, 'Ms. Janiya Abshire', 'Voluptatibus eveniet dolores consequatur cupiditate et. Nisi facilis voluptates sed corrupti magni officiis. Pariatur iure ducimus sint aut commodi quos. Ab et ea et aut.', 2, '2018-05-02 10:43:56', '2018-05-02 10:43:56'),
(115, 12, 'Maegan Goodwin', 'Sunt nihil consequatur quas laborum facilis doloremque eos. Praesentium aut praesentium laboriosam doloribus. Sit sed cumque doloribus.', 1, '2018-05-02 10:43:56', '2018-05-02 10:43:56'),
(116, 3, 'Cecile Renner MD', 'In sed itaque dolore quia. Quo vero debitis rem mollitia fugiat eos assumenda. Aut odio est necessitatibus assumenda. Neque minus eos et a ipsam.', 3, '2018-05-02 10:43:56', '2018-05-02 10:43:56'),
(117, 10, 'Dr. Ofelia Hudson MD', 'Dolorem et commodi quo odit. Repellat repellendus consequatur inventore ut autem. Vero rerum consequatur sapiente voluptatum nobis suscipit.', 5, '2018-05-02 10:43:56', '2018-05-02 10:43:56'),
(118, 44, 'Mr. Turner Kessler', 'Dolor quis ducimus nostrum et eos autem laborum. Ratione qui omnis aut enim.', 4, '2018-05-02 10:43:56', '2018-05-02 10:43:56'),
(119, 45, 'Amber VonRueden I', 'Molestiae recusandae est ad consequatur qui totam tempore suscipit. Eos commodi recusandae ut maiores earum voluptatem voluptas.', 0, '2018-05-02 10:43:56', '2018-05-02 10:43:56'),
(120, 48, 'Lesly Terry', 'Vitae voluptas aperiam omnis autem omnis est. Animi ut optio eius dicta nobis nihil sed impedit. Atque atque voluptas quae nulla omnis id. Modi dolore perspiciatis quia in sequi deserunt. Aspernatur natus quis optio incidunt sit ut.', 5, '2018-05-02 10:43:56', '2018-05-02 10:43:56'),
(121, 25, 'Miss Aurore Prosacco', 'Debitis harum quasi molestias saepe nulla. Qui saepe suscipit architecto repudiandae quidem architecto quia. Doloribus in consequuntur omnis culpa.', 5, '2018-05-02 10:43:56', '2018-05-02 10:43:56'),
(122, 4, 'Leonel Kirlin', 'Consequatur repellendus minus libero repudiandae minus illo rerum. Et voluptas est quo consequuntur magnam fugiat. Quo illum natus consequatur cupiditate quis. Est cupiditate consequatur rem maxime recusandae.', 0, '2018-05-02 10:43:56', '2018-05-02 10:43:56'),
(123, 41, 'Josie Schiller', 'Reprehenderit non officia velit blanditiis quo corporis sed. Molestias molestiae voluptatem optio itaque quo ut at quia. Quaerat facilis quae culpa omnis atque fugiat recusandae. Eum in asperiores atque.', 3, '2018-05-02 10:43:56', '2018-05-02 10:43:56'),
(124, 44, 'Selina Klocko', 'Non architecto quam amet sapiente corrupti. Doloribus officia unde voluptas eaque. Eos ipsam iste non doloremque consequatur.', 2, '2018-05-02 10:43:56', '2018-05-02 10:43:56'),
(125, 19, 'Ms. Ashtyn Crona', 'Assumenda sed quia dolores ut asperiores incidunt ex. Impedit reprehenderit mollitia reprehenderit magnam. Et nulla autem omnis atque rerum unde. Minima velit eos enim ipsa velit totam nisi quis.', 1, '2018-05-02 10:43:56', '2018-05-02 10:43:56'),
(126, 8, 'Aleen Hickle', 'Enim et exercitationem qui rerum ab ut excepturi. Ad sunt illum enim dolore placeat corrupti aliquam est. Quia voluptatem dolor ut consequatur cum consequatur. Velit cumque ab quia corrupti.', 5, '2018-05-02 10:43:56', '2018-05-02 10:43:56'),
(127, 18, 'Idella Bosco', 'Facere in autem quia fugit non consequatur. Nihil suscipit reprehenderit iure dolore maxime. Eum quasi earum et architecto. Sed quis voluptatibus optio molestiae consequatur. Error odio ut accusamus.', 2, '2018-05-02 10:43:56', '2018-05-02 10:43:56'),
(128, 29, 'Dr. Freeman Jakubowski II', 'Aspernatur ut tempore ducimus deserunt harum. Qui id rerum quasi aspernatur. Tempora velit officia qui sit aut fugiat qui. Sit est velit non id.', 0, '2018-05-02 10:43:56', '2018-05-02 10:43:56'),
(129, 40, 'Leanne Barton', 'Aspernatur debitis voluptatibus corrupti quia. Aperiam aut ducimus id debitis eligendi. Totam cupiditate non accusantium consequatur ipsa ab rem vel.', 5, '2018-05-02 10:43:56', '2018-05-02 10:43:56'),
(130, 20, 'Prof. Zetta Huels', 'Eveniet repudiandae qui libero ullam aut numquam est. Dolor beatae blanditiis aliquid molestiae nostrum vero. Quam atque quos molestias laudantium natus necessitatibus. Officia qui atque sed.', 4, '2018-05-02 10:43:56', '2018-05-02 10:43:56'),
(131, 38, 'Dr. Darrin Tromp II', 'Harum qui est minus est eos qui nisi esse. At ipsam dolores porro minima ut. Aut dicta fugiat sunt ut perspiciatis earum. Facere mollitia aut in eius.', 5, '2018-05-02 10:43:56', '2018-05-02 10:43:56'),
(132, 7, 'Murl Ankunding III', 'Ut libero consequatur fugit facilis. Aut quia ut recusandae asperiores fugiat et. In voluptate doloremque explicabo saepe.', 2, '2018-05-02 10:43:56', '2018-05-02 10:43:56'),
(133, 41, 'Edna Nolan', 'Est iure tenetur eum voluptatem ut. Sunt eligendi quisquam non aut nisi non.', 0, '2018-05-02 10:43:56', '2018-05-02 10:43:56'),
(134, 35, 'Mireille Okuneva', 'Dolorem itaque nobis nam facilis. Consequatur voluptatibus ipsum corrupti doloribus. Sed qui velit soluta voluptatem maxime. Ea et dolorum eum maiores quis vero dolores.', 1, '2018-05-02 10:43:56', '2018-05-02 10:43:56'),
(135, 7, 'Dr. Braeden Paucek', 'Nihil rerum cumque corrupti alias sint perferendis recusandae deleniti. Placeat omnis aut tempore dolor voluptatem iste assumenda. Minus dolore ipsa veritatis veniam aut iure qui ex.', 2, '2018-05-02 10:43:56', '2018-05-02 10:43:56'),
(136, 49, 'Cortez Swift', 'Omnis est assumenda est laborum et modi molestias. Expedita molestiae voluptas laudantium voluptatibus aliquid ut rerum adipisci. Possimus harum architecto veniam ipsa facere.', 5, '2018-05-02 10:43:57', '2018-05-02 10:43:57'),
(137, 45, 'Toby Lowe', 'Illo eos voluptates qui et enim. Laboriosam voluptas quae qui eveniet repudiandae nobis. Molestiae dolor autem laborum beatae.', 4, '2018-05-02 10:43:57', '2018-05-02 10:43:57'),
(138, 7, 'Micheal Koepp', 'Beatae dolorem labore consectetur totam repudiandae ut. Eos assumenda iusto consequuntur. Ratione vel fuga animi et facere nihil. Quasi recusandae ut consectetur at itaque.', 1, '2018-05-02 10:43:57', '2018-05-02 10:43:57'),
(139, 5, 'Aileen Yundt', 'Et a rerum repellat. Vel blanditiis qui et veniam fugit natus. Aliquam voluptas velit quo pariatur.', 2, '2018-05-02 10:43:57', '2018-05-02 10:43:57'),
(140, 18, 'Dr. Cristal Kutch DDS', 'Aut molestiae non eos. Et suscipit qui porro provident consequatur animi ut a. Veritatis temporibus voluptatem nam aut sunt voluptatum.', 5, '2018-05-02 10:43:57', '2018-05-02 10:43:57'),
(141, 33, 'Katelyn Zieme', 'Et aut velit consectetur quas labore asperiores vel. Sint eos natus eaque illo ipsa rerum asperiores. Dignissimos sunt quisquam reiciendis omnis accusantium odio hic. Reiciendis alias et dolores qui rerum quam fugiat nisi. Tempore soluta nulla repellat.', 4, '2018-05-02 10:43:57', '2018-05-02 10:43:57'),
(142, 6, 'Emilia Grant', 'Sunt non et consequatur quos itaque voluptatem. Ex et hic in dolore asperiores ut et. Est reprehenderit aut deleniti eveniet occaecati vel necessitatibus harum.', 5, '2018-05-02 10:43:57', '2018-05-02 10:43:57'),
(143, 9, 'Reymundo Metz', 'Impedit aut ad qui rem. Tempora est repudiandae porro tenetur omnis. Dolorum consequuntur ad nisi nesciunt dolorem. Sunt ut qui modi.', 5, '2018-05-02 10:43:57', '2018-05-02 10:43:57'),
(144, 7, 'Silas Schinner', 'Sit dolores nam quod quia. Amet autem debitis qui sed. Nihil voluptatem temporibus amet atque minus recusandae. Officiis rerum consequuntur aut explicabo suscipit qui molestiae.', 3, '2018-05-02 10:43:57', '2018-05-02 10:43:57'),
(145, 19, 'Felton Kub', 'Aut ut at ut dolores. Eos dolore maiores quae nemo assumenda vel sed. Alias sapiente in aliquam nihil molestiae sed dolore. Facilis eligendi repellat mollitia excepturi ea. Distinctio omnis nesciunt assumenda ut.', 3, '2018-05-02 10:43:57', '2018-05-02 10:43:57'),
(146, 38, 'Norbert Lueilwitz', 'Voluptate dolorem eos ipsum quo dolorum. Nesciunt et est voluptatem voluptatem. Itaque totam vero et fugit vero temporibus laboriosam laboriosam. Facere enim qui asperiores quis qui minus aut.', 2, '2018-05-02 10:43:57', '2018-05-02 10:43:57'),
(147, 14, 'Mitchell Walter', 'Ipsum fugit quo et dolor nulla. Nulla fuga rerum voluptatem commodi earum. Illo esse expedita vero aliquid quos perferendis in. Illo repellendus veniam corrupti repellendus aut. Nihil minima dolores numquam sed consequatur est.', 1, '2018-05-02 10:43:57', '2018-05-02 10:43:57'),
(148, 23, 'German Kunde', 'Cumque expedita nesciunt voluptatem fuga ab. Dignissimos voluptatem doloremque consequatur ex in rerum. Cupiditate explicabo rem veniam asperiores. Eius id sit est fugit voluptatem itaque.', 1, '2018-05-02 10:43:57', '2018-05-02 10:43:57'),
(149, 32, 'Fausto Dicki DDS', 'Ut delectus fugit dignissimos officiis magnam est eum assumenda. Molestias et sed omnis quisquam eum odio tempora. Consequuntur modi omnis totam magni quidem perferendis odio.', 5, '2018-05-02 10:43:57', '2018-05-02 10:43:57'),
(150, 33, 'Dejah Kub DDS', 'Pariatur necessitatibus cum expedita qui sit. Architecto a aut excepturi labore cupiditate minima iste. Pariatur et optio quia aut.', 4, '2018-05-02 10:43:57', '2018-05-02 10:43:57'),
(151, 17, 'Laurel Nicolas', 'Illo qui et tempora nihil quia. Ipsa labore quos nisi eum non expedita dignissimos libero. Aut aperiam dignissimos sint incidunt dolores maiores omnis. Assumenda itaque dolorum saepe asperiores dolor.', 1, '2018-05-02 10:43:57', '2018-05-02 10:43:57'),
(152, 42, 'Barbara Gibson III', 'Voluptatibus ea odio architecto. Suscipit ut consequatur doloremque enim est placeat quos. Aliquam alias rem quos voluptatum unde voluptatem blanditiis.', 1, '2018-05-02 10:43:57', '2018-05-02 10:43:57'),
(153, 39, 'Torrey McKenzie III', 'Nostrum et magni eum et beatae tempore. Doloribus minus illum qui aut qui enim. Voluptatem culpa dolore velit ea pariatur dolores. Deserunt totam ipsam aspernatur reiciendis.', 5, '2018-05-02 10:43:57', '2018-05-02 10:43:57'),
(154, 1, 'Michale Hilpert', 'Voluptatem aut tempore inventore repudiandae odio reiciendis. Temporibus ut et non ut in amet officiis. Eos quo vel reiciendis qui.', 0, '2018-05-02 10:43:57', '2018-05-02 10:43:57'),
(155, 17, 'Mazie Ratke MD', 'Id fugiat placeat dolores voluptatem fugiat sit nam. Veniam animi molestias doloremque voluptatibus quisquam qui. Vel sit velit consequatur. Culpa officiis qui molestiae vel.', 4, '2018-05-02 10:43:57', '2018-05-02 10:43:57'),
(156, 39, 'Emerson Keeling I', 'Provident eius dolores nobis dolorem voluptas. Sed non eos vel numquam. Maxime quasi praesentium et laudantium.', 5, '2018-05-02 10:43:57', '2018-05-02 10:43:57'),
(157, 28, 'Norval Erdman', 'Omnis aut porro sit suscipit exercitationem sed. Accusantium recusandae et mollitia sint. Consequatur et velit iste itaque. Ut perferendis quia quia mollitia dolorum et aspernatur accusamus.', 5, '2018-05-02 10:43:57', '2018-05-02 10:43:57'),
(158, 5, 'Lilyan Glover', 'Voluptatibus illo ut libero ut minima quae consequuntur. Quia similique a ducimus officia est sit illum. Laborum dignissimos alias aut laboriosam accusantium maiores vel. Eaque impedit esse consequatur omnis.', 3, '2018-05-02 10:43:57', '2018-05-02 10:43:57'),
(159, 16, 'Gaylord Kutch', 'Aut autem maiores saepe reprehenderit. Voluptates molestiae fugiat libero unde quod quo. Cupiditate deserunt explicabo eum quae officia laborum nihil. Officia enim sit sed in.', 2, '2018-05-02 10:43:57', '2018-05-02 10:43:57'),
(160, 35, 'Amos Dare', 'Et hic ut dignissimos rerum nihil rerum. Explicabo quidem maiores repellat. Aut non esse provident corporis laborum aut. Fugiat vero velit facere delectus occaecati alias id.', 0, '2018-05-02 10:43:57', '2018-05-02 10:43:57'),
(161, 39, 'Wilfredo Hartmann II', 'Et reiciendis eaque molestias eveniet. Debitis quam ea eligendi corrupti officiis.', 1, '2018-05-02 10:43:57', '2018-05-02 10:43:57'),
(162, 19, 'Maximo Schoen', 'Iure vitae et asperiores. Ut ea ea earum id voluptates. Qui rerum eum omnis fugit molestiae. Sint id quis laudantium illo. Consequatur quia inventore et fugiat qui esse.', 0, '2018-05-02 10:43:57', '2018-05-02 10:43:57'),
(163, 33, 'Mr. Barry Schowalter IV', 'Recusandae possimus eligendi commodi nobis ut maiores iure. Non eligendi sed quis facere. Consequatur quidem harum iste ipsum doloribus nulla. Sit nostrum non autem et sunt.', 3, '2018-05-02 10:43:57', '2018-05-02 10:43:57'),
(164, 33, 'Evert Friesen', 'Qui et ipsum rerum est possimus. Molestias non aliquid cum laboriosam. Voluptatum ab aliquam qui et consequatur consequatur qui. Numquam sed eos neque illo voluptate fuga.', 5, '2018-05-02 10:43:57', '2018-05-02 10:43:57'),
(165, 49, 'Ida Lang', 'Rerum libero quam dolorum omnis et in hic vel. Laboriosam excepturi ducimus quia earum. Ab mollitia voluptas suscipit dolorem dolor sit rerum. Officiis voluptate nihil alias.', 1, '2018-05-02 10:43:57', '2018-05-02 10:43:57'),
(166, 23, 'Prof. Adolph Stehr IV', 'Id molestiae dolorem modi beatae dolores. Iste ut distinctio repudiandae delectus et. Amet voluptatem qui veritatis placeat sapiente doloremque illo. Maiores et tenetur corporis suscipit sunt facilis.', 2, '2018-05-02 10:43:57', '2018-05-02 10:43:57'),
(167, 10, 'Savannah Renner', 'Error fugiat atque dolores architecto voluptatem ipsa fugit. Maxime et est qui occaecati.', 5, '2018-05-02 10:43:57', '2018-05-02 10:43:57'),
(168, 17, 'Joshua Towne', 'Id tempora veritatis autem suscipit. Ut nulla nobis sapiente facere porro totam nesciunt. Consequatur recusandae esse rerum voluptate nihil. Quia harum possimus velit ut reprehenderit ipsum.', 2, '2018-05-02 10:43:57', '2018-05-02 10:43:57'),
(169, 8, 'George Stiedemann', 'Sapiente similique fugiat facere. Voluptatem optio sed et deserunt facilis rem et. Deleniti architecto delectus sit nostrum quos sint. Temporibus perspiciatis accusantium id rerum praesentium commodi aut.', 2, '2018-05-02 10:43:57', '2018-05-02 10:43:57'),
(170, 44, 'Miss Lacy Ledner', 'Magnam sint modi dolores. Molestias fuga exercitationem et. Dolore et asperiores molestiae velit ad quae. Illum qui et voluptatem id facere magni veritatis.', 2, '2018-05-02 10:43:57', '2018-05-02 10:43:57'),
(171, 37, 'Thomas McGlynn V', 'Ab ut illo tenetur qui mollitia vero. Quis qui et est quaerat fugiat eius quos voluptatum. Et velit quos placeat. Adipisci fugit distinctio eaque quia alias ea qui a.', 0, '2018-05-02 10:43:57', '2018-05-02 10:43:57'),
(172, 6, 'Helmer Jerde', 'Nulla earum expedita laboriosam. Dolor sequi vel qui et. Ducimus necessitatibus fuga consequatur et et est nisi sit. Molestiae et sint eum voluptatibus qui sequi et.', 4, '2018-05-02 10:43:57', '2018-05-02 10:43:57'),
(173, 22, 'Rudy VonRueden', 'Placeat expedita consequuntur molestias rerum et dicta id qui. Aliquam perspiciatis et velit voluptas perferendis quasi et rerum. Et corrupti voluptatibus temporibus delectus recusandae sequi ea autem.', 1, '2018-05-02 10:43:58', '2018-05-02 10:43:58'),
(174, 10, 'Jane Turner', 'Facere fugiat dignissimos molestiae voluptatem in. Beatae nobis rem illo labore sed.', 0, '2018-05-02 10:43:58', '2018-05-02 10:43:58'),
(175, 43, 'Dr. Royal Hegmann IV', 'Ut eum repellendus nisi quaerat facere sequi odio. Eaque delectus et facere. Exercitationem enim facere et omnis.', 3, '2018-05-02 10:43:58', '2018-05-02 10:43:58'),
(176, 31, 'Torrance Welch DVM', 'Omnis rerum dicta at ipsa ducimus. Magni voluptate et accusamus dolore accusantium tempora porro. Id totam blanditiis eum facere voluptatem suscipit aut. Quo dolor aut nobis facilis at culpa omnis.', 3, '2018-05-02 10:43:58', '2018-05-02 10:43:58'),
(177, 36, 'Ms. Janis Morissette', 'Et voluptate repellat aut. Quas maxime beatae aspernatur ea velit. Ad omnis quia reiciendis ut cumque. Aspernatur modi architecto eos non quia earum quam velit.', 0, '2018-05-02 10:43:58', '2018-05-02 10:43:58'),
(178, 50, 'Mr. Ervin Harvey', 'Eveniet placeat accusantium cumque maiores dicta. Ut velit ab id eos facere exercitationem et. Assumenda quam deleniti ut pariatur ut blanditiis ea.', 5, '2018-05-02 10:43:58', '2018-05-02 10:43:58'),
(179, 25, 'Reina Parisian', 'Quos reiciendis temporibus qui culpa molestias. Officiis doloribus aut temporibus recusandae. Consectetur voluptatem animi quo rerum aut necessitatibus numquam. Ipsam iste nostrum debitis culpa ut omnis.', 3, '2018-05-02 10:43:58', '2018-05-02 10:43:58'),
(180, 29, 'Joanie Huel', 'Molestias beatae exercitationem molestiae atque. Amet dolores illum molestias accusamus rem. Ea ullam eos sunt laboriosam magni et aut.', 2, '2018-05-02 10:43:58', '2018-05-02 10:43:58'),
(181, 2, 'Miss Lelah Terry', 'Ipsa deleniti sapiente dolor quasi eos. Et quo voluptates architecto error voluptas incidunt. Aut voluptatibus assumenda exercitationem placeat minima rerum a saepe. Nostrum voluptas recusandae enim dignissimos.', 3, '2018-05-02 10:43:58', '2018-05-02 10:43:58'),
(182, 6, 'Meaghan Parker DDS', 'Eos ea ipsa laborum dicta neque. Et accusantium ad et dolores.', 3, '2018-05-02 10:43:58', '2018-05-02 10:43:58'),
(183, 46, 'Linnie Botsford MD', 'Perferendis eius deserunt cum. Quasi neque ea et sunt omnis molestias. Pariatur assumenda aperiam quo eos ad aut aut. Laboriosam et numquam eaque reiciendis neque quia. Corrupti officia consequatur ab.', 3, '2018-05-02 10:43:58', '2018-05-02 10:43:58'),
(184, 44, 'Tania Donnelly III', 'Exercitationem doloremque quod qui illum tempore sunt. Quia consequuntur nam beatae et quo. Fugit consequatur recusandae ipsum voluptatem corrupti maiores quis. At saepe et dolore sit.', 1, '2018-05-02 10:43:58', '2018-05-02 10:43:58'),
(185, 12, 'Nicholas Kling', 'Ea sit sed aut porro. Voluptatem sapiente quia quam saepe quia voluptatem provident. Dolores blanditiis sit sit porro ut et temporibus. Cupiditate voluptatem ut voluptas quisquam eveniet et sunt magnam.', 5, '2018-05-02 10:43:58', '2018-05-02 10:43:58'),
(186, 14, 'Syble Sauer DDS', 'Et illo eos voluptatem veniam quas aut. Nesciunt molestias earum pariatur commodi quo sint. Sed et quis fugit perspiciatis est cumque quod voluptatem. Occaecati alias et quas ab odit nihil dolorem.', 5, '2018-05-02 10:43:58', '2018-05-02 10:43:58'),
(187, 23, 'Rebekah Wunsch Sr.', 'Consequuntur praesentium ipsam pariatur sed impedit autem. Perspiciatis culpa ut dolor. Magnam nemo natus voluptas est omnis ea eos.', 4, '2018-05-02 10:43:58', '2018-05-02 10:43:58'),
(188, 22, 'Maybell Kunze', 'Iusto delectus ab aspernatur. Est ab alias qui dolorem sunt. Amet non eum recusandae provident aut molestiae reiciendis.', 5, '2018-05-02 10:43:58', '2018-05-02 10:43:58'),
(189, 33, 'Prof. Kathryne Cole MD', 'Sit officiis nisi quis fugiat dolores. Quia et iure quos fuga repellat. Assumenda est esse eligendi. Corrupti officiis ipsam iusto esse cumque.', 4, '2018-05-02 10:43:58', '2018-05-02 10:43:58'),
(190, 49, 'Dr. Ricardo Jaskolski I', 'Optio architecto quibusdam voluptatem qui. Dolores alias ut enim aut. Laboriosam ut molestiae repellat harum consectetur assumenda. Culpa ut voluptatem ut ab.', 5, '2018-05-02 10:43:58', '2018-05-02 10:43:58'),
(191, 19, 'Adrian Kuhic', 'Provident rerum pariatur assumenda ea id non. Voluptatum fuga eum blanditiis sit fugit cumque rerum quasi. Alias commodi ea totam et. Ea error odit in sequi quia esse amet.', 3, '2018-05-02 10:43:58', '2018-05-02 10:43:58'),
(192, 34, 'Prof. Cleveland Ortiz I', 'Id neque nesciunt omnis. Qui ea optio quisquam facere. Magni commodi veniam et aut nihil voluptas. Qui nostrum laboriosam vero tempore. Quisquam nostrum quia enim praesentium distinctio.', 3, '2018-05-02 10:43:58', '2018-05-02 10:43:58'),
(193, 13, 'Mr. Harley Schumm MD', 'Illo temporibus minima cum et dolores voluptate quo qui. Vitae consequatur fugit natus illum. Aliquam sapiente ut deserunt qui.', 1, '2018-05-02 10:43:58', '2018-05-02 10:43:58'),
(194, 31, 'Dr. Lisandro Padberg', 'Quibusdam unde in aut dolor et voluptate ut. Voluptatem deserunt tenetur voluptas quae molestiae. Numquam sint maiores optio qui mollitia.', 1, '2018-05-02 10:43:58', '2018-05-02 10:43:58'),
(195, 44, 'Gardner Muller', 'Commodi quas ab qui ratione. Ipsa possimus dolorem debitis itaque.', 0, '2018-05-02 10:43:58', '2018-05-02 10:43:58'),
(196, 48, 'Ms. Dandre Sanford Jr.', 'Odit dolores eos qui nisi. Laudantium modi beatae numquam corporis odit dicta ducimus. Voluptatem aut itaque maiores alias voluptas aut.', 1, '2018-05-02 10:43:58', '2018-05-02 10:43:58'),
(197, 6, 'Estrella Johnson', 'Eius ipsum et fugit magnam atque temporibus. Nam voluptas culpa et non. Voluptatem nulla nesciunt modi omnis ratione deserunt praesentium. Fuga qui quia porro dicta. Tempore necessitatibus saepe quia aperiam in.', 0, '2018-05-02 10:43:58', '2018-05-02 10:43:58'),
(198, 30, 'Jaunita Lang', 'Nostrum architecto voluptatum doloribus maxime modi eum. Beatae error nobis vel et ipsum nesciunt quaerat dolorum. Quaerat reprehenderit accusamus iste reprehenderit placeat. A harum quos et ut voluptatem quos. Voluptatibus quibusdam sunt reprehenderit nostrum necessitatibus.', 0, '2018-05-02 10:43:58', '2018-05-02 10:43:58'),
(199, 11, 'Ansley Lynch', 'Rerum suscipit sequi quis perferendis quia aut totam. Velit fuga ut est quibusdam. Fugit et ipsa sit est ullam.', 3, '2018-05-02 10:43:58', '2018-05-02 10:43:58'),
(200, 6, 'Mr. Roger Torphy DDS', 'Qui atque ipsum est neque. Rerum non blanditiis maiores in. Voluptates enim corporis porro autem qui nostrum.', 5, '2018-05-02 10:43:58', '2018-05-02 10:43:58'),
(201, 38, 'Samanta Boyle', 'Mollitia ea et autem debitis ex voluptatem. Illo consequatur aliquam rem exercitationem nobis. Facere aut amet explicabo voluptatum nobis qui dolores.', 4, '2018-05-02 10:43:58', '2018-05-02 10:43:58'),
(202, 45, 'Jermaine Hirthe I', 'Dolores est aspernatur veritatis eos minus. Voluptas omnis tempora ad voluptatem consequatur fugiat explicabo. Magni qui et qui quas enim ut.', 4, '2018-05-02 10:43:58', '2018-05-02 10:43:58'),
(203, 34, 'Prof. Damaris Gottlieb', 'Libero hic vel natus voluptatibus. Consequatur vel quia labore maiores esse magni. Pariatur dolor est expedita voluptatem. Deserunt sed tempore ipsa hic saepe excepturi neque. Sunt officia reprehenderit unde id asperiores nobis.', 0, '2018-05-02 10:43:58', '2018-05-02 10:43:58'),
(204, 8, 'Prof. Oswaldo Gleason III', 'Temporibus ex consequatur tempora unde mollitia ut dolor. Similique eligendi non nobis et explicabo velit consequatur. Ea est accusantium quia omnis sunt et.', 5, '2018-05-02 10:43:58', '2018-05-02 10:43:58'),
(205, 33, 'Trevor Ritchie II', 'Non est impedit dolorum. Qui sed sint qui fugiat ullam tempore. Ut amet maiores aperiam non.', 2, '2018-05-02 10:43:58', '2018-05-02 10:43:58'),
(206, 45, 'Sheila Runte', 'Qui et ipsa nobis sit est. Voluptates expedita omnis nobis eaque voluptatem velit non. Velit debitis tempora at.', 0, '2018-05-02 10:43:58', '2018-05-02 10:43:58');
INSERT INTO `reviews` (`id`, `product_id`, `customer`, `review`, `star`, `created_at`, `updated_at`) VALUES
(207, 46, 'Josiane Schowalter', 'Illo aut tenetur possimus. Est eaque ex magnam esse laborum molestias sint. Ad asperiores exercitationem aut aliquid provident fuga. Adipisci aspernatur explicabo quam molestias voluptatibus est eveniet.', 4, '2018-05-02 10:43:58', '2018-05-02 10:43:58'),
(208, 16, 'Laury Kris', 'Et eum consequuntur sed. Adipisci quis accusamus omnis cupiditate debitis soluta. Saepe perspiciatis et quam facere dignissimos eaque dolor velit. Optio recusandae facilis est similique quas in.', 2, '2018-05-02 10:43:59', '2018-05-02 10:43:59'),
(209, 28, 'Leonel Huel', 'Voluptatem ex modi et id sed. Atque voluptatem aut quis.', 2, '2018-05-02 10:43:59', '2018-05-02 10:43:59'),
(210, 11, 'Mrs. Cara Anderson', 'Qui molestiae quia sed accusantium. Aut pariatur vel officia in qui ad.', 0, '2018-05-02 10:43:59', '2018-05-02 10:43:59'),
(211, 46, 'Ella Hodkiewicz', 'Itaque aperiam quia maxime enim natus mollitia. Qui nobis est similique rerum qui rem iste. Sit doloremque dolores ullam perferendis tenetur saepe.', 4, '2018-05-02 10:43:59', '2018-05-02 10:43:59'),
(212, 17, 'Zoila Osinski', 'Laborum labore aut saepe dolores enim nihil placeat. Sunt est natus modi et quia nemo et. Eveniet voluptatum ut aut praesentium consequuntur sit. Veniam nam ex exercitationem illo. Maxime mollitia similique dolorum unde.', 2, '2018-05-02 10:43:59', '2018-05-02 10:43:59'),
(213, 12, 'Wellington Buckridge', 'Repellendus blanditiis tenetur quis sed vero. Neque reiciendis voluptates voluptatem est dolor qui aut id. Esse qui aliquid fugiat voluptate. Ut necessitatibus maxime eaque cupiditate nihil animi in.', 5, '2018-05-02 10:43:59', '2018-05-02 10:43:59'),
(214, 21, 'Lonnie Kuvalis Jr.', 'Rem qui saepe atque est quia commodi et. Ut omnis rerum ea reiciendis. Omnis dignissimos alias quae veritatis assumenda omnis animi aut. Iusto excepturi sequi placeat sed suscipit nihil et.', 4, '2018-05-02 10:43:59', '2018-05-02 10:43:59'),
(215, 44, 'Eva Wolf', 'Animi quis molestias et et nemo excepturi voluptatibus error. Et corrupti dolor quia repudiandae repellat eum commodi. Deleniti veniam eos et rerum consequatur. Enim velit in est nemo animi fugiat.', 4, '2018-05-02 10:43:59', '2018-05-02 10:43:59'),
(216, 34, 'Jayne Jacobson', 'Est incidunt non vero sapiente neque. Commodi voluptas et natus facilis. Est itaque explicabo at ut sunt rerum vero.', 0, '2018-05-02 10:43:59', '2018-05-02 10:43:59'),
(217, 32, 'Rodrigo Schaden', 'Autem sit autem non tempore natus nulla excepturi. Consequatur in suscipit eum rerum odit. Iste voluptatem voluptate sint blanditiis quod.', 4, '2018-05-02 10:43:59', '2018-05-02 10:43:59'),
(218, 21, 'Mrs. Heath Towne', 'Sit at consectetur dolorem eveniet iusto. Iusto et eaque quae enim. Optio ut esse fugiat ea non corrupti excepturi.', 4, '2018-05-02 10:43:59', '2018-05-02 10:43:59'),
(219, 36, 'Harmon Quigley', 'Voluptatum repudiandae aperiam porro iure. Accusantium aliquid quia omnis eligendi. Qui nobis perspiciatis et ipsum quas.', 2, '2018-05-02 10:43:59', '2018-05-02 10:43:59'),
(220, 50, 'Rosalee Spencer', 'Quidem nulla modi et. Minima id consequatur reiciendis enim.', 5, '2018-05-02 10:43:59', '2018-05-02 10:43:59'),
(221, 39, 'Curtis Bradtke', 'Repellat velit ipsa occaecati alias nisi et. Est aspernatur autem cum tenetur. Suscipit magni sit culpa suscipit repellendus eos saepe. Voluptas consequatur explicabo voluptatum nisi rerum repudiandae unde. Natus dolores id illo ex magnam maxime est.', 3, '2018-05-02 10:43:59', '2018-05-02 10:43:59'),
(222, 13, 'Cloyd Mraz', 'Est labore omnis quam veritatis. Vitae et consequatur animi et. Sed nisi earum illo hic et ea.', 2, '2018-05-02 10:43:59', '2018-05-02 10:43:59'),
(223, 36, 'Prof. Lucas Weber', 'Vel sed sed perferendis perspiciatis nam. Voluptas necessitatibus quo ipsum error nisi fugit nihil. Maxime molestiae et sapiente molestias. Dolorem dolore dolores praesentium dolor.', 5, '2018-05-02 10:43:59', '2018-05-02 10:43:59'),
(224, 12, 'Mrs. Mina Bechtelar', 'Facilis culpa dolorem amet consectetur. Soluta sint non et provident. Et soluta iure temporibus aut. Numquam sunt totam aut necessitatibus rerum.', 1, '2018-05-02 10:43:59', '2018-05-02 10:43:59'),
(225, 31, 'Stewart Walsh DVM', 'Fuga sed recusandae omnis voluptates voluptates quos recusandae fugiat. Omnis aut dolorem eos suscipit. Eligendi ut repellendus laboriosam aut ut quis voluptate.', 4, '2018-05-02 10:43:59', '2018-05-02 10:43:59'),
(226, 35, 'Heber Jast', 'A quaerat labore accusamus qui eos autem a. Excepturi non consequatur maiores fugit. Tenetur ullam modi repellendus veritatis. Aut rerum cupiditate beatae occaecati eum perferendis cupiditate.', 0, '2018-05-02 10:43:59', '2018-05-02 10:43:59'),
(227, 24, 'Laurie Bailey', 'Cum repellat ut fuga aut. Et fugit aut quam est cupiditate sapiente quam. Sunt vel tenetur dolores amet fuga eos commodi nihil.', 2, '2018-05-02 10:43:59', '2018-05-02 10:43:59'),
(228, 40, 'Kadin Osinski', 'Ut saepe sint perferendis. Velit possimus in ipsum quod aut. Ut iure qui ea a tenetur. Inventore facere aut fugiat possimus ut laboriosam dolor.', 3, '2018-05-02 10:43:59', '2018-05-02 10:43:59'),
(229, 32, 'Randal Maggio', 'Optio asperiores autem sint quos eum ut. Eius deserunt qui saepe. Pariatur harum velit et illo aliquam delectus.', 0, '2018-05-02 10:43:59', '2018-05-02 10:43:59'),
(230, 50, 'Granville Heller', 'Quam possimus porro et dolorem. Id labore rerum ut culpa facere accusantium velit. Porro laudantium id optio quo et enim. Ut doloremque maxime commodi voluptatem nobis.', 2, '2018-05-02 10:43:59', '2018-05-02 10:43:59'),
(231, 50, 'Myrtis Morissette', 'Illo nulla inventore ea quas provident perferendis. Explicabo dolore dolore eum. Nobis eius dolorum libero animi explicabo id pariatur. Vel perferendis at ipsam voluptatem unde et. Vel incidunt minus sed non non odio.', 1, '2018-05-02 10:43:59', '2018-05-02 10:43:59'),
(232, 33, 'Hilma Murphy', 'Quo rerum et ipsum est ut qui. Veritatis rerum provident qui deserunt officiis et soluta.', 4, '2018-05-02 10:43:59', '2018-05-02 10:43:59'),
(233, 18, 'Mr. Dell Runolfsdottir DVM', 'Possimus perferendis placeat ipsam aperiam dolorum aut dicta. Sequi fuga amet soluta labore autem. Laudantium necessitatibus minima fugiat eveniet consequatur assumenda aspernatur.', 0, '2018-05-02 10:43:59', '2018-05-02 10:43:59'),
(234, 40, 'Terrell Gaylord', 'Quibusdam doloribus et architecto dolorem ex ut rerum. Eligendi dolore deleniti neque esse provident. Alias velit et assumenda magni sint quia aut. Omnis laudantium iusto qui dolore dolores nostrum.', 1, '2018-05-02 10:43:59', '2018-05-02 10:43:59'),
(235, 17, 'Eula Wintheiser', 'Non rerum itaque vel ea consequatur. Et voluptas natus perspiciatis porro et eaque minima. In molestiae recusandae deleniti et. Qui laborum dolorem sunt vel.', 5, '2018-05-02 10:43:59', '2018-05-02 10:43:59'),
(236, 5, 'Marques Ondricka', 'Deleniti non possimus unde perspiciatis. Dolor omnis ut aut tenetur eos recusandae dolores. Et mollitia dolorem sed sed dolore pariatur. Eaque neque nulla natus iusto.', 4, '2018-05-02 10:43:59', '2018-05-02 10:43:59'),
(237, 19, 'Ms. Margarete Pacocha', 'Enim optio quaerat ut qui vero explicabo. Odio quidem ut vero ab dicta aut eveniet velit. Eos iste culpa nobis in culpa molestiae.', 0, '2018-05-02 10:43:59', '2018-05-02 10:43:59'),
(238, 27, 'Coleman Dibbert', 'Et eligendi ducimus distinctio eveniet dolorem aut. Accusamus repudiandae tempore ut molestiae quos. Asperiores eos illum doloremque sunt.', 0, '2018-05-02 10:43:59', '2018-05-02 10:43:59'),
(239, 8, 'Arianna Balistreri', 'Eum ea esse eum. Excepturi voluptatem eum natus doloribus.', 4, '2018-05-02 10:43:59', '2018-05-02 10:43:59'),
(240, 3, 'Amina Sanford', 'Veritatis deleniti commodi eaque consequatur. Dolorum ea qui vero sunt. Quia accusantium fugit consectetur perspiciatis.', 1, '2018-05-02 10:43:59', '2018-05-02 10:43:59'),
(241, 35, 'Emil Schumm', 'Eos ipsa non rem eveniet enim. Voluptatum sunt quas maiores non. Temporibus expedita nihil eveniet nisi. Molestiae quia distinctio iusto ut.', 4, '2018-05-02 10:43:59', '2018-05-02 10:43:59'),
(242, 21, 'Frederick Kiehn IV', 'Aperiam commodi in iste ut cumque aut nihil. Ipsa totam modi aperiam quidem voluptate quaerat. Quae perspiciatis quasi eveniet qui.', 5, '2018-05-02 10:43:59', '2018-05-02 10:43:59'),
(243, 33, 'Elinor Crona V', 'Et ut id nihil est qui vel. Quasi aut earum nihil ut cupiditate in. Velit sunt blanditiis adipisci eum eius placeat sunt commodi.', 1, '2018-05-02 10:43:59', '2018-05-02 10:43:59'),
(244, 16, 'Mr. Donato Jast', 'Modi dolorem quas veritatis aliquid. Est voluptas voluptatem minima adipisci odio. Et debitis perspiciatis ipsam sit. Praesentium velit explicabo sit possimus ut repudiandae et nobis.', 5, '2018-05-02 10:43:59', '2018-05-02 10:43:59'),
(245, 17, 'Korey Pfeffer Sr.', 'Itaque cum eum laboriosam debitis odio nulla adipisci totam. Quod nulla enim iusto atque molestiae nihil reiciendis. Quibusdam deleniti sed qui explicabo commodi voluptatem magni est. Autem fugit debitis minima voluptatem et. Minima et quia deleniti quaerat.', 5, '2018-05-02 10:44:00', '2018-05-02 10:44:00'),
(246, 19, 'Vita Padberg', 'Tempore dolorem fugiat ratione. Minus totam molestiae doloremque repellendus amet ut saepe velit. Laboriosam consequatur quia vitae et rerum necessitatibus repudiandae vitae.', 2, '2018-05-02 10:44:00', '2018-05-02 10:44:00'),
(247, 15, 'Kelsi Legros', 'Tenetur et quibusdam provident laborum quo. Ullam blanditiis inventore repellendus. Veniam nemo aut deleniti consectetur consectetur velit praesentium. Laudantium soluta quos magni ratione adipisci ipsum sed. Eos debitis at porro qui laboriosam blanditiis.', 3, '2018-05-02 10:44:00', '2018-05-02 10:44:00'),
(248, 15, 'Lewis Greenholt', 'Consequatur qui incidunt architecto. Quia aut fugit dolor. Est ipsa et omnis amet voluptatum. Hic rerum ipsum quasi vel blanditiis labore. Eum deserunt voluptate sequi sint deserunt veritatis praesentium.', 2, '2018-05-02 10:44:00', '2018-05-02 10:44:00'),
(249, 39, 'Tracy Bayer', 'Atque nesciunt velit soluta molestiae. Sequi qui facilis qui possimus ab est voluptatem. Non aut reiciendis voluptatem.', 4, '2018-05-02 10:44:00', '2018-05-02 10:44:00'),
(250, 10, 'Precious Reichel MD', 'Sit esse officia nesciunt id tempora dignissimos laboriosam ut. Perferendis nostrum praesentium perferendis rem animi et. Accusamus molestiae dolores quibusdam delectus. Consequatur provident debitis nobis molestias eum deleniti delectus.', 2, '2018-05-02 10:44:00', '2018-05-02 10:44:00'),
(251, 34, 'Alyce Ortiz', 'Ut culpa qui deleniti vel eos totam ut. Magnam vel aut magnam nostrum laborum.', 1, '2018-05-02 10:44:00', '2018-05-02 10:44:00'),
(252, 35, 'Mr. Wyatt Tillman', 'Suscipit ipsam fuga voluptatem non. Provident id et vitae et quis repellendus. Delectus id dolor amet dolorem.', 5, '2018-05-02 10:44:00', '2018-05-02 10:44:00'),
(253, 17, 'Wilford Homenick', 'Voluptates beatae inventore ad occaecati recusandae quia unde quia. Fuga hic beatae quis repellat recusandae repellat rem. Rerum at voluptatem aut nisi molestiae sit rerum. Id itaque beatae quia id impedit et laborum.', 4, '2018-05-02 10:44:00', '2018-05-02 10:44:00'),
(254, 23, 'Rosario Russel', 'Et iste atque velit. Enim quibusdam velit hic sunt. Exercitationem eius possimus sit blanditiis ullam voluptatem.', 1, '2018-05-02 10:44:00', '2018-05-02 10:44:00'),
(255, 44, 'Gustave Erdman', 'Blanditiis sunt ut qui quisquam. Sint necessitatibus vel eveniet distinctio aut voluptate. Distinctio explicabo tempora expedita voluptatem ut. Sint quod enim est distinctio nihil magni. Quis deserunt et numquam quisquam facilis.', 4, '2018-05-02 10:44:00', '2018-05-02 10:44:00'),
(256, 42, 'Wyatt Beier Sr.', 'Sunt quasi cum nihil molestias illum perspiciatis. At optio velit tempora quod eaque aliquam. Rerum voluptatibus et iste repellendus. Aut eveniet fugit quasi quaerat atque similique aliquam consectetur.', 5, '2018-05-02 10:44:00', '2018-05-02 10:44:00'),
(257, 27, 'Mr. Ian Mosciski PhD', 'Laborum magni consequuntur molestiae provident aut tempora ducimus. Fuga culpa laudantium fuga ipsum quia ut. Eius consequatur rem quod vero tenetur qui.', 0, '2018-05-02 10:44:00', '2018-05-02 10:44:00'),
(258, 14, 'Logan Ebert', 'Ut dolor ut voluptatum fuga ea officiis similique. Debitis doloribus numquam reprehenderit corporis quis. Consequatur autem explicabo sint velit. Nemo voluptates consequuntur ipsa est.', 5, '2018-05-02 10:44:00', '2018-05-02 10:44:00'),
(259, 19, 'Prof. Cletus Kub I', 'Pariatur distinctio odit omnis delectus rerum ab. Qui ipsum porro quo id iure qui. Autem delectus ipsa cupiditate aut vitae quae qui. Non dolores magnam et aut non esse sapiente sit.', 3, '2018-05-02 10:44:00', '2018-05-02 10:44:00'),
(260, 35, 'Dr. Abbie O\'Hara PhD', 'Aperiam laboriosam in ex laudantium enim id et amet. Sit quasi quod repudiandae reiciendis voluptas voluptate. Est totam dolorem labore aliquam labore. Tempore ratione et est et iste laudantium. Voluptas rerum blanditiis dolores qui odio.', 3, '2018-05-02 10:44:00', '2018-05-02 10:44:00'),
(261, 11, 'Reyes Dicki', 'Ex nostrum tempore quia consectetur voluptate. Facilis iure dolore magnam hic incidunt magni. Corporis veniam perferendis deleniti.', 5, '2018-05-02 10:44:00', '2018-05-02 10:44:00'),
(262, 6, 'Reilly Herman DDS', 'Cumque quis et sint consectetur error. Voluptas sed quia recusandae dolorem perspiciatis ipsa. Id ut eum culpa molestiae provident debitis maxime. Qui et velit at amet voluptas error.', 1, '2018-05-02 10:44:00', '2018-05-02 10:44:00'),
(263, 9, 'Prof. Ray Pouros', 'At eum odit suscipit blanditiis rerum. Sint qui voluptas quos eligendi quas sit eveniet. Sunt accusamus laborum magnam et. Necessitatibus sit amet quod praesentium.', 5, '2018-05-02 10:44:00', '2018-05-02 10:44:00'),
(264, 10, 'Carlo Luettgen DVM', 'Quasi eos tempore aperiam id quia officiis inventore sed. Ut maxime accusamus sunt. Veritatis ab explicabo voluptatem dicta. Harum ut minus est ea ipsa adipisci.', 1, '2018-05-02 10:44:00', '2018-05-02 10:44:00'),
(265, 30, 'Marty Mueller', 'Ut in nihil consequatur ut alias et qui. In maxime asperiores et quidem. Et qui natus et saepe necessitatibus provident dolor consequatur.', 0, '2018-05-02 10:44:00', '2018-05-02 10:44:00'),
(266, 20, 'Jayce Gerhold', 'Nobis enim exercitationem dolorem rerum aliquid. Dolorem quia sapiente totam nihil officia nihil.', 2, '2018-05-02 10:44:00', '2018-05-02 10:44:00'),
(267, 33, 'Dr. Adella Hoppe II', 'Magni dolorem commodi quidem quia expedita omnis commodi illum. Voluptas numquam assumenda quae est quo ut. Commodi voluptas dolorum et enim nihil fugiat.', 3, '2018-05-02 10:44:00', '2018-05-02 10:44:00'),
(268, 44, 'Rae Jacobi', 'Eligendi ut a quibusdam. Laborum unde et sed optio est. Atque minus fugit deserunt ut consequatur animi et. Vel saepe et sed in.', 3, '2018-05-02 10:44:00', '2018-05-02 10:44:00'),
(269, 20, 'Nyasia Kessler', 'Iste quis autem rem aut eius ipsa et. Tempora aspernatur et error non eligendi. Sed molestias ut necessitatibus et dolorem.', 1, '2018-05-02 10:44:00', '2018-05-02 10:44:00'),
(270, 4, 'Dr. Louisa Runolfsdottir PhD', 'Voluptas deserunt laboriosam officia delectus dolor cupiditate quis. Necessitatibus quis et sed omnis. Iusto fuga maxime mollitia fuga laborum vitae. Molestias occaecati ut incidunt ipsa.', 1, '2018-05-02 10:44:00', '2018-05-02 10:44:00'),
(271, 1, 'Kavon Corkery', 'Doloribus ipsum at delectus voluptatibus atque assumenda. Nihil placeat quia quas repudiandae non. Magni maxime alias non deleniti et perferendis vel praesentium. Nulla est et recusandae magnam totam eius.', 4, '2018-05-02 10:44:00', '2018-05-02 10:44:00'),
(272, 15, 'Prof. Alvis Champlin I', 'Ut cupiditate aut aspernatur hic ut accusantium earum. Necessitatibus labore voluptates corporis dignissimos. Modi nobis nihil nihil exercitationem placeat ea corrupti.', 2, '2018-05-02 10:44:00', '2018-05-02 10:44:00'),
(273, 26, 'Tad Witting MD', 'Veritatis sed dignissimos iste harum sit voluptatem laborum voluptatibus. Ut expedita eius omnis fuga et veritatis. Voluptatem quia quaerat ea deserunt officiis.', 5, '2018-05-02 10:44:00', '2018-05-02 10:44:00'),
(274, 32, 'Sierra Thompson', 'Est aut debitis fuga voluptatem tenetur voluptatem aliquam. Eos quis in occaecati sed sed. Quisquam et quia ad iste consequatur.', 0, '2018-05-02 10:44:00', '2018-05-02 10:44:00'),
(275, 27, 'Warren Kohler Sr.', 'Voluptas similique praesentium odit. In officiis ut libero omnis. Sunt quo ut doloremque ex. Adipisci dolorem incidunt illum voluptas fugit impedit est. Ut recusandae voluptas iusto sint cum ea fugiat.', 1, '2018-05-02 10:44:00', '2018-05-02 10:44:00'),
(276, 49, 'Ms. Aubree Harvey DDS', 'Ut ipsam enim quia. Voluptatem non odio perspiciatis nihil sit. Autem odit exercitationem ipsa aut ea.', 3, '2018-05-02 10:44:00', '2018-05-02 10:44:00'),
(277, 32, 'Mr. Bradford Tillman V', 'Nihil nam repellendus est molestiae esse fugit mollitia animi. Qui aliquid quisquam optio modi veniam fugiat et ipsam. Numquam voluptatem porro amet vel deleniti.', 2, '2018-05-02 10:44:00', '2018-05-02 10:44:00'),
(278, 30, 'Lysanne Metz', 'Quod quam eligendi saepe. Nam consequuntur libero iure qui et officia qui. Debitis vel veniam dolorem dicta modi. Laboriosam qui autem ratione.', 0, '2018-05-02 10:44:00', '2018-05-02 10:44:00'),
(279, 4, 'Prof. Shanny Hintz', 'Minima adipisci natus laborum. Itaque ad doloremque alias autem ut nobis. Ea velit sunt velit voluptas dolore.', 2, '2018-05-02 10:44:00', '2018-05-02 10:44:00'),
(280, 23, 'Marcelina Ferry', 'Doloribus eos sit necessitatibus excepturi id molestias ut. Aut voluptas doloribus dignissimos corporis repellendus quis quam est. Sunt perspiciatis nobis odit et. Quo officiis mollitia asperiores molestiae ea rerum unde sed.', 5, '2018-05-02 10:44:00', '2018-05-02 10:44:00'),
(281, 3, 'Mose Veum', 'Voluptates nam alias consectetur quia aut ut dicta sed. Id qui sit consequuntur consequuntur optio quasi culpa. Qui aliquid laboriosam et et corporis placeat.', 5, '2018-05-02 10:44:00', '2018-05-02 10:44:00'),
(282, 3, 'Mr. Donnie Strosin V', 'Libero quae alias sapiente voluptatem laboriosam. Magni occaecati quia vitae dolores enim quibusdam. Et illo sit molestiae doloremque.', 3, '2018-05-02 10:44:00', '2018-05-02 10:44:00'),
(283, 3, 'Janice Kuphal', 'Est non at sed laudantium placeat libero. Quam eaque neque ab. Fuga porro at beatae molestiae. Voluptate incidunt amet molestias ad et dignissimos ad.', 0, '2018-05-02 10:44:00', '2018-05-02 10:44:00'),
(284, 36, 'Prof. Elenor Koepp DDS', 'Iste ea veritatis laborum sequi aut quasi fugit natus. Aut aspernatur consequatur ipsum soluta excepturi earum dicta. Ut corporis error voluptatem ullam magnam non nobis.', 3, '2018-05-02 10:44:01', '2018-05-02 10:44:01'),
(285, 22, 'Mrs. Adella Harris', 'Illo hic officia voluptatem sunt ut. Harum qui ea doloribus consequuntur. Quas maxime itaque quos suscipit est.', 4, '2018-05-02 10:44:01', '2018-05-02 10:44:01'),
(286, 1, 'Micah Mills', 'Consequatur dolore perspiciatis voluptatum. Accusantium omnis quisquam voluptatibus est atque voluptas. Qui est in aut numquam excepturi ipsam enim.', 4, '2018-05-02 10:44:01', '2018-05-02 10:44:01'),
(287, 1, 'Dr. Stephany Sporer Sr.', 'Voluptas doloribus et eos corrupti. Iusto voluptates voluptate ullam dignissimos at veniam. Earum nobis ducimus non et omnis eum blanditiis voluptas. Pariatur voluptas quisquam et voluptas nulla iure fugit.', 1, '2018-05-02 10:44:01', '2018-05-02 10:44:01'),
(288, 43, 'Juanita Anderson', 'Deserunt veniam omnis quis molestiae aspernatur. Molestiae qui illum placeat et corporis laudantium in. Eum deleniti velit qui eum odit. Ea sunt aliquam nihil aut numquam dolor reprehenderit.', 1, '2018-05-02 10:44:01', '2018-05-02 10:44:01'),
(289, 42, 'Geoffrey Wisoky', 'Itaque fuga officiis animi distinctio ut qui dolores. Dolorem reiciendis repudiandae animi ut eos a. Repellendus rerum numquam officia libero et minima. Veniam facilis perspiciatis necessitatibus voluptatem.', 4, '2018-05-02 10:44:01', '2018-05-02 10:44:01'),
(290, 21, 'Janae Raynor II', 'Et qui doloremque odio sunt quia dolorem rem. Nobis deserunt quo veritatis sequi eligendi.', 4, '2018-05-02 10:44:01', '2018-05-02 10:44:01'),
(291, 49, 'Alexis Cruickshank', 'Maxime assumenda voluptatem voluptas aut voluptas. Et et et itaque hic enim aut dicta.', 4, '2018-05-02 10:44:01', '2018-05-02 10:44:01'),
(292, 43, 'Jerod Lockman DVM', 'Quibusdam modi et atque et minima assumenda. Dolor ratione minus nihil. Repudiandae natus laborum ratione qui sequi molestiae.', 4, '2018-05-02 10:44:01', '2018-05-02 10:44:01'),
(293, 34, 'Mrs. Jeanne Pacocha', 'Qui assumenda aspernatur dolore accusantium assumenda quisquam ex. Quis repudiandae reprehenderit minus eos ut doloribus. Inventore nihil et rerum reiciendis pariatur. Dolores nulla atque rerum. Inventore et repudiandae ut eos dolores ipsam ducimus.', 2, '2018-05-02 10:44:01', '2018-05-02 10:44:01'),
(294, 28, 'Dr. Angela Franecki PhD', 'Expedita dolor consequatur tenetur ad. Libero fuga eaque velit qui. Repellendus ipsa ut accusantium dolores at autem officia. Nesciunt itaque doloremque similique tenetur voluptatem.', 1, '2018-05-02 10:44:01', '2018-05-02 10:44:01'),
(295, 17, 'Georgette Glover', 'Ut atque consequatur non ut necessitatibus. Repudiandae blanditiis voluptas quia quae autem. Dolores distinctio qui aut ut velit. Deleniti expedita dolor culpa eaque dolor.', 2, '2018-05-02 10:44:01', '2018-05-02 10:44:01'),
(296, 3, 'Prof. Monique Homenick', 'Quisquam voluptatibus nesciunt amet reprehenderit ea corrupti earum. Perferendis iure iusto debitis explicabo nostrum. Officia aspernatur aut vitae consequatur. Ratione at non quidem.', 3, '2018-05-02 10:44:01', '2018-05-02 10:44:01'),
(297, 47, 'Dr. Barrett Ledner', 'Ut est qui aut repellat. Sed eligendi aut dolor et. Eligendi similique facere molestiae voluptatem vel vel voluptas. A perspiciatis iusto ducimus alias repellat impedit ipsam.', 1, '2018-05-02 10:44:01', '2018-05-02 10:44:01'),
(298, 1, 'Leda Effertz', 'Et consequatur suscipit non est. Doloremque tenetur officia voluptatibus suscipit mollitia totam. Dolores et itaque officiis consequatur sunt. Officia nulla ea nihil est sit.', 3, '2018-05-02 10:44:01', '2018-05-02 10:44:01'),
(299, 29, 'Roosevelt Goldner', 'Praesentium ut ipsum expedita sunt. Repudiandae et distinctio praesentium non aperiam. Consectetur hic dolores repellat.', 1, '2018-05-02 10:44:01', '2018-05-02 10:44:01'),
(300, 43, 'Manuel Quitzon', 'Quisquam magnam quam aliquam. Nobis quidem voluptatem quae suscipit. Aut veritatis voluptas quia odit quia et qui.', 1, '2018-05-02 10:44:01', '2018-05-02 10:44:01'),
(301, 38, 'mahmoud', 'test', 4, '2018-05-02 11:53:52', '2018-05-02 11:53:52'),
(302, 38, 'mahmoud', 'test', 4, '2018-05-02 11:54:37', '2018-05-02 11:54:37'),
(303, 38, 'mahmoud', 'test', 4, '2018-05-02 11:55:10', '2018-05-02 11:55:10'),
(304, 38, 'mahmoud', 'test', 4, '2018-05-02 11:55:19', '2018-05-02 11:55:19'),
(305, 38, 'mahmoud', 'test', 4, '2018-05-02 11:55:25', '2018-05-02 11:55:25'),
(306, 38, 'mahmoud', 'test', 4, '2018-05-02 11:55:53', '2018-05-02 11:55:53'),
(307, 38, 'mahmoud', 'test', 4, '2018-05-02 11:56:18', '2018-05-02 11:56:18'),
(308, 4, 'mahmoud', 'test', 4, '2018-05-02 11:57:02', '2018-05-02 11:57:02'),
(311, 4, 'nasr', 'Test', 4, '2018-05-02 12:22:41', '2018-05-02 12:22:41');

-- --------------------------------------------------------

--
-- Table structure for table `users`
--

CREATE TABLE `users` (
  `id` int(10) UNSIGNED NOT NULL,
  `name` varchar(191) COLLATE utf8mb4_unicode_ci NOT NULL,
  `email` varchar(191) COLLATE utf8mb4_unicode_ci NOT NULL,
  `password` varchar(191) COLLATE utf8mb4_unicode_ci NOT NULL,
  `remember_token` varchar(100) COLLATE utf8mb4_unicode_ci DEFAULT NULL,
  `created_at` timestamp NULL DEFAULT NULL,
  `updated_at` timestamp NULL DEFAULT NULL
) ENGINE=InnoDB DEFAULT CHARSET=utf8mb4 COLLATE=utf8mb4_unicode_ci;

--
-- Dumping data for table `users`
--

INSERT INTO `users` (`id`, `name`, `email`, `password`, `remember_token`, `created_at`, `updated_at`) VALUES
(1, 'Dr. Celestino Schneider I', 'nannie44@example.com', '$2y$10$TKh8H1.PfQx37YgCzwiKb.KjNyWgaHb9cbcoQgdIVFlYg7B77UdFm', 'UzFo14MuT3', '2018-05-02 10:43:50', '2018-05-02 10:43:50'),
(2, 'Johnathon Auer', 'larkin.herman@example.com', '$2y$10$TKh8H1.PfQx37YgCzwiKb.KjNyWgaHb9cbcoQgdIVFlYg7B77UdFm', '5e8c3jCUqa', '2018-05-02 10:43:50', '2018-05-02 10:43:50'),
(3, 'Dr. Elian Lesch I', 'morissette.devon@example.org', '$2y$10$TKh8H1.PfQx37YgCzwiKb.KjNyWgaHb9cbcoQgdIVFlYg7B77UdFm', '4TVFrPaAwB', '2018-05-02 10:43:50', '2018-05-02 10:43:50'),
(4, 'Adrienne Maggio', 'beth.dare@example.org', '$2y$10$TKh8H1.PfQx37YgCzwiKb.KjNyWgaHb9cbcoQgdIVFlYg7B77UdFm', 'YCNKfv3fhx', '2018-05-02 10:43:50', '2018-05-02 10:43:50'),
(5, 'Carmen Dare', 'wellington81@example.com', '$2y$10$TKh8H1.PfQx37YgCzwiKb.KjNyWgaHb9cbcoQgdIVFlYg7B77UdFm', 'JPW6kReJWg', '2018-05-02 10:43:50', '2018-05-02 10:43:50');

--
-- Indexes for dumped tables
--

--
-- Indexes for table `migrations`
--
ALTER TABLE `migrations`
  ADD PRIMARY KEY (`id`);

--
-- Indexes for table `oauth_access_tokens`
--
ALTER TABLE `oauth_access_tokens`
  ADD PRIMARY KEY (`id`),
  ADD KEY `oauth_access_tokens_user_id_index` (`user_id`);

--
-- Indexes for table `oauth_auth_codes`
--
ALTER TABLE `oauth_auth_codes`
  ADD PRIMARY KEY (`id`);

--
-- Indexes for table `oauth_clients`
--
ALTER TABLE `oauth_clients`
  ADD PRIMARY KEY (`id`),
  ADD KEY `oauth_clients_user_id_index` (`user_id`);

--
-- Indexes for table `oauth_personal_access_clients`
--
ALTER TABLE `oauth_personal_access_clients`
  ADD PRIMARY KEY (`id`),
  ADD KEY `oauth_personal_access_clients_client_id_index` (`client_id`);

--
-- Indexes for table `oauth_refresh_tokens`
--
ALTER TABLE `oauth_refresh_tokens`
  ADD PRIMARY KEY (`id`),
  ADD KEY `oauth_refresh_tokens_access_token_id_index` (`access_token_id`);

--
-- Indexes for table `password_resets`
--
ALTER TABLE `password_resets`
  ADD KEY `password_resets_email_index` (`email`);

--
-- Indexes for table `products`
--
ALTER TABLE `products`
  ADD PRIMARY KEY (`id`),
  ADD KEY `products_user_id_index` (`user_id`);

--
-- Indexes for table `reviews`
--
ALTER TABLE `reviews`
  ADD PRIMARY KEY (`id`),
  ADD KEY `reviews_product_id_index` (`product_id`);

--
-- Indexes for table `users`
--
ALTER TABLE `users`
  ADD PRIMARY KEY (`id`),
  ADD UNIQUE KEY `users_email_unique` (`email`);

--
-- AUTO_INCREMENT for dumped tables
--

--
-- AUTO_INCREMENT for table `migrations`
--
ALTER TABLE `migrations`
  MODIFY `id` int(10) UNSIGNED NOT NULL AUTO_INCREMENT, AUTO_INCREMENT=19;

--
-- AUTO_INCREMENT for table `oauth_clients`
--
ALTER TABLE `oauth_clients`
  MODIFY `id` int(10) UNSIGNED NOT NULL AUTO_INCREMENT, AUTO_INCREMENT=3;

--
-- AUTO_INCREMENT for table `oauth_personal_access_clients`
--
ALTER TABLE `oauth_personal_access_clients`
  MODIFY `id` int(10) UNSIGNED NOT NULL AUTO_INCREMENT, AUTO_INCREMENT=2;

--
-- AUTO_INCREMENT for table `products`
--
ALTER TABLE `products`
  MODIFY `id` int(10) UNSIGNED NOT NULL AUTO_INCREMENT, AUTO_INCREMENT=51;

--
-- AUTO_INCREMENT for table `reviews`
--
ALTER TABLE `reviews`
  MODIFY `id` int(10) UNSIGNED NOT NULL AUTO_INCREMENT, AUTO_INCREMENT=312;

--
-- AUTO_INCREMENT for table `users`
--
ALTER TABLE `users`
  MODIFY `id` int(10) UNSIGNED NOT NULL AUTO_INCREMENT, AUTO_INCREMENT=6;

--
-- Constraints for dumped tables
--

--
-- Constraints for table `products`
--
ALTER TABLE `products`
  ADD CONSTRAINT `products_user_id_foreign` FOREIGN KEY (`user_id`) REFERENCES `users` (`id`) ON DELETE CASCADE;

--
-- Constraints for table `reviews`
--
ALTER TABLE `reviews`
  ADD CONSTRAINT `reviews_product_id_foreign` FOREIGN KEY (`product_id`) REFERENCES `products` (`id`) ON DELETE CASCADE;
COMMIT;

/*!40101 SET CHARACTER_SET_CLIENT=@OLD_CHARACTER_SET_CLIENT */;
/*!40101 SET CHARACTER_SET_RESULTS=@OLD_CHARACTER_SET_RESULTS */;
/*!40101 SET COLLATION_CONNECTION=@OLD_COLLATION_CONNECTION */;
