-- phpMyAdmin SQL Dump
-- version 4.7.7
-- https://www.phpmyadmin.net/
--
-- Host: 127.0.0.1
-- Generation Time: Apr 22, 2018 at 08:35 PM
-- Server version: 10.1.30-MariaDB
-- PHP Version: 7.2.2

SET SQL_MODE = "NO_AUTO_VALUE_ON_ZERO";
SET AUTOCOMMIT = 0;
START TRANSACTION;
SET time_zone = "+00:00";


/*!40101 SET @OLD_CHARACTER_SET_CLIENT=@@CHARACTER_SET_CLIENT */;
/*!40101 SET @OLD_CHARACTER_SET_RESULTS=@@CHARACTER_SET_RESULTS */;
/*!40101 SET @OLD_COLLATION_CONNECTION=@@COLLATION_CONNECTION */;
/*!40101 SET NAMES utf8mb4 */;

--
-- Database: `eapi`
--

-- --------------------------------------------------------

--
-- Table structure for table `migrations`
--

CREATE TABLE `migrations` (
  `id` int(10) UNSIGNED NOT NULL,
  `migration` varchar(191) COLLATE utf8mb4_unicode_ci NOT NULL,
  `batch` int(11) NOT NULL
) ENGINE=InnoDB DEFAULT CHARSET=utf8mb4 COLLATE=utf8mb4_unicode_ci;

--
-- Dumping data for table `migrations`
--

INSERT INTO `migrations` (`id`, `migration`, `batch`) VALUES
(1, '2014_10_12_000000_create_users_table', 1),
(2, '2014_10_12_100000_create_password_resets_table', 1),
(3, '2018_04_22_115544_create_products_table', 1),
(4, '2018_04_22_115706_create_reviews_table', 1);

-- --------------------------------------------------------

--
-- Table structure for table `password_resets`
--

CREATE TABLE `password_resets` (
  `email` varchar(191) COLLATE utf8mb4_unicode_ci NOT NULL,
  `token` varchar(191) COLLATE utf8mb4_unicode_ci NOT NULL,
  `created_at` timestamp NULL DEFAULT NULL
) ENGINE=InnoDB DEFAULT CHARSET=utf8mb4 COLLATE=utf8mb4_unicode_ci;

-- --------------------------------------------------------

--
-- Table structure for table `products`
--

CREATE TABLE `products` (
  `id` int(10) UNSIGNED NOT NULL,
  `name` varchar(191) COLLATE utf8mb4_unicode_ci NOT NULL,
  `detail` text COLLATE utf8mb4_unicode_ci NOT NULL,
  `price` int(11) NOT NULL,
  `stock` int(11) NOT NULL,
  `discount` int(11) NOT NULL,
  `created_at` timestamp NULL DEFAULT NULL,
  `updated_at` timestamp NULL DEFAULT NULL
) ENGINE=InnoDB DEFAULT CHARSET=utf8mb4 COLLATE=utf8mb4_unicode_ci;

--
-- Dumping data for table `products`
--

INSERT INTO `products` (`id`, `name`, `detail`, `price`, `stock`, `discount`, `created_at`, `updated_at`) VALUES
(1, 'est', 'Quis et quam earum iste. Impedit commodi vel est et.', 590, 9, 3, '2018-04-22 16:32:10', '2018-04-22 16:32:10'),
(2, 'optio', 'Eligendi distinctio ut veritatis tenetur porro. Est modi ut et.', 892, 4, 12, '2018-04-22 16:32:10', '2018-04-22 16:32:10'),
(3, 'maxime', 'Animi dolorum qui iste ut rem ipsum. Autem et commodi harum aut sequi iusto. Omnis necessitatibus et doloremque temporibus sit. Quaerat aut vero exercitationem aut omnis aut est sunt.', 212, 6, 8, '2018-04-22 16:32:10', '2018-04-22 16:32:10'),
(4, 'placeat', 'Mollitia reiciendis ad beatae qui. Architecto sint nisi perspiciatis voluptas in veritatis hic. Dolore eos molestias quia qui ut enim ullam. Aut ut minima et quis ratione unde.', 615, 5, 30, '2018-04-22 16:32:10', '2018-04-22 16:32:10'),
(5, 'in', 'Quia accusantium recusandae et. Ratione sed quis nostrum ipsam doloribus. Et aut maiores ipsam ab expedita laborum minima.', 789, 8, 6, '2018-04-22 16:32:10', '2018-04-22 16:32:10'),
(6, 'est', 'Aspernatur veniam ut molestiae nostrum animi qui voluptas. Nihil ut pariatur quas. Ut iste magni ea quo autem et non repellat. Voluptate ea voluptates eum veritatis voluptatem. Sed vero minima culpa eius sit aut voluptate.', 220, 6, 13, '2018-04-22 16:32:10', '2018-04-22 16:32:10'),
(7, 'ipsa', 'Et maxime et asperiores laborum tenetur voluptas sapiente. Aliquam natus deleniti ut sint. Illo qui nisi facilis maiores.', 282, 4, 24, '2018-04-22 16:32:10', '2018-04-22 16:32:10'),
(8, 'nobis', 'Repudiandae amet culpa doloremque iure repellendus at. Nesciunt deserunt et ut quo ex dolorum. Sit id quisquam nam et.', 139, 7, 3, '2018-04-22 16:32:10', '2018-04-22 16:32:10'),
(9, 'ut', 'Ut omnis illum et cupiditate qui consequuntur voluptate reprehenderit. Est pariatur iure iure quo. Voluptatibus suscipit nemo sed sed dicta. Saepe sit et aut occaecati aut.', 590, 6, 24, '2018-04-22 16:32:10', '2018-04-22 16:32:10'),
(10, 'aliquid', 'Veniam amet architecto asperiores. Dolorum accusantium blanditiis velit consequuntur. Voluptates et quidem nesciunt quis fuga at adipisci. Voluptas omnis eos atque expedita eaque qui optio rerum.', 553, 6, 3, '2018-04-22 16:32:10', '2018-04-22 16:32:10'),
(11, 'provident', 'Ullam et labore eos aliquid velit nemo aut. Mollitia dolor est quidem. Et sit quia voluptatibus omnis modi voluptatem libero quia. Amet iusto quas in.', 764, 5, 29, '2018-04-22 16:32:10', '2018-04-22 16:32:10'),
(12, 'quaerat', 'Maiores similique similique consequuntur minima est. Voluptatem et quia sed assumenda qui odit. Aliquid sapiente eligendi vel. Nisi quos laborum unde voluptatibus.', 369, 8, 9, '2018-04-22 16:32:10', '2018-04-22 16:32:10'),
(13, 'omnis', 'Ipsum temporibus dolores voluptatem quo cum. Sunt vitae reprehenderit mollitia in nobis officia in. Sed in quis sed dolores hic minus qui nesciunt.', 710, 2, 9, '2018-04-22 16:32:10', '2018-04-22 16:32:10'),
(14, 'repudiandae', 'Iste dolor unde sint eum. Reprehenderit dolorum aut aut consectetur ut dicta. Rerum labore et velit nihil praesentium rem. Optio pariatur dolorum quaerat veritatis aut sint. Sint facere est et qui quo quos.', 672, 0, 7, '2018-04-22 16:32:10', '2018-04-22 16:32:10'),
(15, 'deserunt', 'Nemo alias ut provident reiciendis quam quas nemo. Molestiae molestiae eos in odio. Voluptas consectetur quos qui eligendi quibusdam ea. Repudiandae unde consectetur ut deserunt dolorum nemo nisi.', 193, 2, 27, '2018-04-22 16:32:10', '2018-04-22 16:32:10'),
(16, 'magni', 'Quia deleniti et magnam iste velit. Impedit libero doloremque aut quam. Amet possimus est consequatur atque.', 774, 3, 8, '2018-04-22 16:32:10', '2018-04-22 16:32:10'),
(17, 'tempore', 'Placeat atque perspiciatis ipsam officiis asperiores. Excepturi impedit ut libero aut impedit omnis iusto quam. Ducimus id quo dolores incidunt. Dolorem et laboriosam sed ullam eum. Molestias consequuntur qui pariatur perspiciatis suscipit aut officiis harum.', 131, 5, 29, '2018-04-22 16:32:10', '2018-04-22 16:32:10'),
(18, 'eum', 'Aliquam impedit eaque ut sunt error autem. Laudantium velit qui molestiae.', 975, 7, 8, '2018-04-22 16:32:10', '2018-04-22 16:32:10'),
(19, 'pariatur', 'Quas et nihil et a voluptate. Sunt labore corrupti illo nesciunt necessitatibus fugiat nulla. Tempora perspiciatis voluptatem veritatis totam assumenda. Itaque est mollitia nemo optio incidunt sed.', 465, 7, 26, '2018-04-22 16:32:10', '2018-04-22 16:32:10'),
(20, 'omnis', 'Eos accusantium maiores incidunt harum. Et et iste corporis non architecto fuga. Rerum nulla est dolorem natus ut perferendis. Nobis est ab dolores sit omnis officiis aut.', 466, 5, 19, '2018-04-22 16:32:10', '2018-04-22 16:32:10'),
(21, 'tempora', 'Debitis omnis et nisi ea necessitatibus dolorem. Quaerat corrupti animi qui est voluptatem in. Earum veritatis et similique magnam architecto. In laudantium perferendis ipsum.', 129, 0, 11, '2018-04-22 16:32:10', '2018-04-22 16:32:10'),
(22, 'voluptatum', 'Pariatur dignissimos iure maxime illum laboriosam odio dolorem quia. Sapiente a fugiat et enim tempore qui qui. Pariatur nihil in aspernatur aperiam. Ab quos omnis ratione reiciendis.', 592, 5, 2, '2018-04-22 16:32:10', '2018-04-22 16:32:10'),
(23, 'voluptas', 'Error aspernatur labore rerum ut quaerat provident. Sit est necessitatibus maiores id quo est. Laudantium voluptatem est quo quaerat qui et esse.', 479, 1, 18, '2018-04-22 16:32:10', '2018-04-22 16:32:10'),
(24, 'dicta', 'Rem non unde non velit atque dolore. Quia consequatur rerum enim voluptatum cum. Esse dolorum rem nostrum commodi. A quasi hic minus sit.', 594, 8, 6, '2018-04-22 16:32:10', '2018-04-22 16:32:10'),
(25, 'reprehenderit', 'Quo assumenda blanditiis aliquam omnis sapiente voluptas natus. Quia accusamus dolores minus totam asperiores omnis. Dolor vitae impedit amet adipisci. Deserunt nesciunt ipsa sint adipisci consequatur.', 113, 5, 17, '2018-04-22 16:32:10', '2018-04-22 16:32:10'),
(26, 'et', 'Eaque eaque repellat necessitatibus. Optio et quia voluptatibus inventore non accusamus nihil.', 960, 6, 28, '2018-04-22 16:32:10', '2018-04-22 16:32:10'),
(27, 'aut', 'Laboriosam dolor sit ut aut et. Et quidem vel aspernatur sint. Sequi et sunt amet est ut omnis. Ullam mollitia suscipit odio omnis voluptatem. Est reprehenderit tenetur ut eaque sequi quia qui.', 176, 8, 13, '2018-04-22 16:32:10', '2018-04-22 16:32:10'),
(28, 'iste', 'Qui quae sed in ratione repellat. Inventore velit voluptas sapiente quisquam sint veritatis atque. Voluptas magni dolores voluptates nihil aspernatur. Quaerat veritatis amet beatae unde est accusantium.', 338, 5, 17, '2018-04-22 16:32:10', '2018-04-22 16:32:10'),
(29, 'a', 'Ut aspernatur dignissimos aut. Est aperiam ea eos voluptatum nemo amet ab.', 822, 3, 18, '2018-04-22 16:32:10', '2018-04-22 16:32:10'),
(30, 'illo', 'Quaerat quos excepturi asperiores. Cupiditate nulla assumenda excepturi dolorem dolore eum ducimus. Dolorem amet pariatur dolorum minus quia optio.', 831, 4, 26, '2018-04-22 16:32:10', '2018-04-22 16:32:10'),
(31, 'fugiat', 'Ut enim distinctio omnis facilis qui. Vero nihil ipsa velit voluptatem. Ratione eum sapiente delectus natus odit animi.', 890, 9, 17, '2018-04-22 16:32:10', '2018-04-22 16:32:10'),
(32, 'ex', 'Eaque et cumque accusantium dolores doloribus maiores alias. Atque blanditiis ullam qui magnam id aut enim et. Alias voluptas commodi quia nisi omnis aut. Repudiandae quod et maxime quo.', 284, 6, 7, '2018-04-22 16:32:10', '2018-04-22 16:32:10'),
(33, 'illum', 'Porro libero quo odio deleniti. Saepe debitis enim voluptatem modi. Id quisquam enim quaerat vero earum sed. Illo ab accusantium sed.', 709, 3, 6, '2018-04-22 16:32:10', '2018-04-22 16:32:10'),
(34, 'ipsam', 'Ab expedita et nostrum voluptatibus. Minima maxime nihil asperiores eius facilis quidem voluptatem. Dolorum qui cupiditate eveniet quaerat exercitationem placeat.', 863, 4, 13, '2018-04-22 16:32:10', '2018-04-22 16:32:10'),
(35, 'voluptatem', 'Minima adipisci non voluptatem ea nisi qui placeat. Corporis consectetur illum id qui ipsam qui. Maiores aut inventore magnam totam fugit et. Accusamus voluptatem et libero voluptatem quisquam distinctio minima.', 503, 5, 18, '2018-04-22 16:32:10', '2018-04-22 16:32:10'),
(36, 'aspernatur', 'Amet et nesciunt sed maiores hic unde voluptas. Cumque animi reprehenderit maiores porro. Et nihil facere sed id beatae. Eligendi sapiente non minus excepturi est ratione. Et dolorem itaque vitae ut doloribus ab.', 638, 5, 29, '2018-04-22 16:32:10', '2018-04-22 16:32:10'),
(37, 'tempore', 'Voluptatem debitis omnis eaque officiis debitis ut alias. Accusantium ea facilis repudiandae sit est autem quae. Voluptas consequatur placeat delectus repellendus. Alias corporis et enim rerum ratione voluptas corrupti voluptas.', 363, 1, 17, '2018-04-22 16:32:11', '2018-04-22 16:32:11'),
(38, 'minima', 'Dolor recusandae et voluptatibus dolor. Aliquid itaque atque in vel odit quis atque. Dolorem impedit quia rerum quod velit rerum et. Magnam odit ea id necessitatibus.', 527, 8, 19, '2018-04-22 16:32:11', '2018-04-22 16:32:11'),
(39, 'sed', 'Accusamus id non quidem. Voluptas est harum id non similique autem. Optio sit vero consequuntur eveniet. Soluta aut impedit ullam placeat similique ea.', 420, 7, 9, '2018-04-22 16:32:11', '2018-04-22 16:32:11'),
(40, 'adipisci', 'In ipsum facere ut. Dolorem quod ullam saepe aspernatur molestias occaecati dolorum. Molestiae omnis dolorem quia qui inventore voluptatem reiciendis.', 502, 2, 30, '2018-04-22 16:32:11', '2018-04-22 16:32:11'),
(41, 'est', 'Voluptatem voluptates eum inventore ut vero enim commodi. Mollitia sapiente est aspernatur et. Non commodi et ut ut illum ut odio amet. Consequatur iusto minima consequatur numquam culpa.', 395, 4, 30, '2018-04-22 16:32:11', '2018-04-22 16:32:11'),
(42, 'ipsa', 'Aspernatur ut autem possimus laborum. Rerum eveniet harum aut. Aut minus tenetur unde ea quos animi alias.', 121, 4, 10, '2018-04-22 16:32:11', '2018-04-22 16:32:11'),
(43, 'similique', 'Expedita vero autem voluptatum voluptas est ut. Sed nobis in voluptatum voluptas. Deleniti et unde maiores animi quia fugit. Reiciendis voluptates laboriosam deleniti quidem.', 505, 6, 3, '2018-04-22 16:32:11', '2018-04-22 16:32:11'),
(44, 'debitis', 'Iure nihil molestiae nesciunt et. Eaque ipsam provident autem illum est dolorem. Est ea est mollitia dolorum. Eos aut numquam laboriosam rerum tempora quo. Ratione rerum optio et.', 762, 9, 3, '2018-04-22 16:32:11', '2018-04-22 16:32:11'),
(45, 'est', 'Dolorum non aliquam sit inventore libero. Voluptate ad repudiandae ut quae. Voluptas molestiae labore expedita impedit vel vitae ut. Corrupti illo nihil inventore eius nulla aliquam hic.', 774, 1, 11, '2018-04-22 16:32:11', '2018-04-22 16:32:11'),
(46, 'eveniet', 'Voluptatibus consequuntur occaecati debitis velit ex vero quia. Eum ut autem molestiae ratione autem neque architecto. Sapiente tenetur soluta aut qui aspernatur nulla iste ut. Placeat libero et repellat nostrum. Tenetur voluptatum aut unde ducimus quis sequi quo.', 741, 6, 11, '2018-04-22 16:32:11', '2018-04-22 16:32:11'),
(47, 'quia', 'Deserunt eligendi excepturi corrupti cumque dicta autem aperiam. Quo quam sit quae eius porro ab non eos. Quia non ut deleniti eligendi fuga.', 370, 6, 30, '2018-04-22 16:32:11', '2018-04-22 16:32:11'),
(48, 'dolores', 'Unde odit eveniet illum est sint velit. Magnam porro rerum nemo quas sint explicabo. Voluptatum vel est facilis quo.', 278, 1, 15, '2018-04-22 16:32:11', '2018-04-22 16:32:11'),
(49, 'eum', 'Consequatur et necessitatibus doloremque. Assumenda provident nam quia quidem. Inventore quibusdam dolorem libero sint. Aperiam tenetur quis voluptatem eaque dolor. Fugiat dolorem rem totam doloremque.', 309, 7, 15, '2018-04-22 16:32:11', '2018-04-22 16:32:11'),
(50, 'quibusdam', 'Consequatur hic et non corrupti quibusdam. Culpa illo culpa aliquid non vero ex. Ut cumque voluptatem facilis aut. Et molestiae quo aspernatur nulla reprehenderit.', 632, 9, 17, '2018-04-22 16:32:11', '2018-04-22 16:32:11');

-- --------------------------------------------------------

--
-- Table structure for table `reviews`
--

CREATE TABLE `reviews` (
  `id` int(10) UNSIGNED NOT NULL,
  `product_id` int(10) UNSIGNED NOT NULL,
  `customer` varchar(191) COLLATE utf8mb4_unicode_ci NOT NULL,
  `review` text COLLATE utf8mb4_unicode_ci NOT NULL,
  `star` int(11) NOT NULL,
  `created_at` timestamp NULL DEFAULT NULL,
  `updated_at` timestamp NULL DEFAULT NULL
) ENGINE=InnoDB DEFAULT CHARSET=utf8mb4 COLLATE=utf8mb4_unicode_ci;

--
-- Dumping data for table `reviews`
--

INSERT INTO `reviews` (`id`, `product_id`, `customer`, `review`, `star`, `created_at`, `updated_at`) VALUES
(1, 12, 'Lelah Dach', 'Alias rerum qui voluptas praesentium. Suscipit reprehenderit similique consequuntur suscipit et qui qui. Mollitia voluptas quae magnam libero autem culpa sit.', 2, '2018-04-22 16:32:11', '2018-04-22 16:32:11'),
(2, 49, 'Prof. Marilie Rogahn', 'Id voluptatem laudantium reprehenderit rerum. Et voluptatem quis beatae distinctio.', 3, '2018-04-22 16:32:11', '2018-04-22 16:32:11'),
(3, 18, 'Prof. Rosendo Nienow DDS', 'Possimus fugiat velit et laborum quia itaque harum. Expedita aliquid voluptatem id nam. Architecto impedit qui quis dolor. Sed exercitationem est esse laudantium aliquam qui.', 3, '2018-04-22 16:32:12', '2018-04-22 16:32:12'),
(4, 30, 'Tianna Howell', 'Soluta nobis omnis ex aut exercitationem consectetur. Et quo atque eum illum.', 0, '2018-04-22 16:32:12', '2018-04-22 16:32:12'),
(5, 12, 'Chadrick Lebsack', 'Incidunt ipsa rem et neque repudiandae perferendis impedit. Rerum enim nobis saepe deleniti unde deleniti assumenda. Modi veritatis fugiat ab quia sed incidunt. Pariatur voluptas occaecati dolores qui dolorem qui.', 2, '2018-04-22 16:32:12', '2018-04-22 16:32:12'),
(6, 45, 'Dr. Stanford Hessel', 'Ut perspiciatis sapiente ab explicabo explicabo nihil earum reprehenderit. Veniam ea amet eligendi assumenda possimus tempora ut. Exercitationem molestias ipsa mollitia. Ea deleniti ut architecto.', 0, '2018-04-22 16:32:12', '2018-04-22 16:32:12'),
(7, 46, 'Dr. Ward Marquardt', 'Et id cupiditate ut quo soluta. Id dolorum est ipsam quo sint aut voluptas. Sed voluptates et accusamus nobis quidem. Dolores veritatis odio ullam ad neque sequi.', 3, '2018-04-22 16:32:12', '2018-04-22 16:32:12'),
(8, 38, 'Robert Emmerich PhD', 'Rerum ratione id eligendi saepe facilis est. Possimus est porro itaque est accusamus. Nobis quidem quidem omnis quis.', 1, '2018-04-22 16:32:12', '2018-04-22 16:32:12'),
(9, 30, 'Elvis Gulgowski', 'Quidem aperiam et atque soluta doloremque quaerat et unde. Molestiae rem dolorem enim saepe iusto aut. Nisi occaecati molestiae quos voluptas ad expedita.', 2, '2018-04-22 16:32:12', '2018-04-22 16:32:12'),
(10, 3, 'Reba Huel', 'Libero sunt tempora quam vel est rerum vel perferendis. Corporis sed omnis iusto dolores molestias et saepe omnis. Incidunt nesciunt ducimus provident voluptatibus ab. Hic doloribus et provident animi sint consectetur tempora ratione.', 1, '2018-04-22 16:32:12', '2018-04-22 16:32:12'),
(11, 19, 'Georgiana Berge', 'In non laborum et et omnis. Odit assumenda officiis dolor non repellat voluptas.', 2, '2018-04-22 16:32:12', '2018-04-22 16:32:12'),
(12, 13, 'Alba McLaughlin', 'Numquam rerum maxime doloremque praesentium. Nesciunt nostrum facilis iste libero cum reiciendis quae. Cum nihil in ad et et.', 0, '2018-04-22 16:32:12', '2018-04-22 16:32:12'),
(13, 27, 'Kara Mueller PhD', 'Et rerum corrupti quia deleniti ea. Error omnis maxime vitae eveniet quo. Corporis autem aut eos aut voluptatem qui. Ut impedit possimus quis fugit nostrum modi aspernatur. Eaque itaque eos nam quasi eligendi perferendis nihil.', 0, '2018-04-22 16:32:12', '2018-04-22 16:32:12'),
(14, 3, 'Creola Bayer', 'Nemo voluptatem facilis tenetur qui perferendis. Nulla culpa quia debitis ut delectus maxime.', 2, '2018-04-22 16:32:12', '2018-04-22 16:32:12'),
(15, 30, 'Miss Lea Cruickshank', 'Ut doloribus quidem similique porro nobis eos autem. Quod aperiam commodi at sunt nulla est non architecto. Alias illum impedit provident non natus.', 3, '2018-04-22 16:32:12', '2018-04-22 16:32:12'),
(16, 15, 'Ms. Wava O\'Connell DVM', 'Adipisci mollitia nisi molestiae eligendi explicabo omnis nulla. Optio at quidem iste aut voluptatem. Ipsum omnis suscipit tempore quo. Et quo itaque maxime magnam id.', 5, '2018-04-22 16:32:12', '2018-04-22 16:32:12'),
(17, 25, 'Jamil Williamson Jr.', 'Sunt beatae illo corrupti maxime aut non. Quasi aut dolor ipsam est odit iure at. Ad et doloremque doloremque velit. Libero culpa ab rem praesentium.', 2, '2018-04-22 16:32:12', '2018-04-22 16:32:12'),
(18, 5, 'Quinton Kshlerin', 'Atque eos dolore odit sunt vel aut. Distinctio commodi accusantium a dolorem nobis vel magnam. Omnis aut tempora dolorum molestias fugit in magni.', 1, '2018-04-22 16:32:12', '2018-04-22 16:32:12'),
(19, 17, 'Eldora Howell', 'Est labore dolor quidem laudantium. Maxime et amet voluptas vero quisquam et qui. Numquam eos voluptatem est aliquam non qui.', 2, '2018-04-22 16:32:12', '2018-04-22 16:32:12'),
(20, 42, 'Jesse Hagenes', 'Labore quod ut atque perspiciatis. Consequatur sit reiciendis consequatur non et. Unde error quo dolores numquam explicabo.', 5, '2018-04-22 16:32:12', '2018-04-22 16:32:12'),
(21, 28, 'Lucio Schultz MD', 'Quia consequatur quia cumque rem eaque. Doloribus quae aut ab.', 1, '2018-04-22 16:32:12', '2018-04-22 16:32:12'),
(22, 39, 'Mr. Ted Gutkowski', 'Dolorem ea officia rerum. Maxime eos quasi et omnis minima. Beatae dolor nihil exercitationem et placeat.', 0, '2018-04-22 16:32:12', '2018-04-22 16:32:12'),
(23, 45, 'Prof. Josh Durgan DDS', 'Omnis pariatur atque qui. Incidunt nostrum quae reiciendis et suscipit voluptates autem. Laudantium quae et architecto itaque.', 2, '2018-04-22 16:32:12', '2018-04-22 16:32:12'),
(24, 33, 'Margie Dickens Jr.', 'Asperiores esse est enim vero beatae fugit dolor. Voluptatem neque occaecati veritatis et. Aliquid et ad dolores perferendis sit fugit odit. Dolores et eligendi amet molestiae.', 5, '2018-04-22 16:32:12', '2018-04-22 16:32:12'),
(25, 7, 'Myles Mann', 'Sed voluptates quia quia explicabo exercitationem. Eveniet eligendi qui delectus illo autem aut ipsam. In maxime rerum autem.', 0, '2018-04-22 16:32:12', '2018-04-22 16:32:12'),
(26, 2, 'Ms. Amelie Abernathy', 'Accusantium aliquam id voluptatum corrupti. Temporibus aut architecto consectetur tempora blanditiis delectus. Velit maiores ex quasi est qui soluta aspernatur eum. Molestiae sunt incidunt ad saepe magni.', 4, '2018-04-22 16:32:12', '2018-04-22 16:32:12'),
(27, 38, 'Nathanial Yost', 'Laudantium ex odio est corporis. Ut odio est aut qui doloremque quia. Nobis dolorum ipsam quo est. Rerum est voluptatem quaerat repellendus eum qui.', 2, '2018-04-22 16:32:12', '2018-04-22 16:32:12'),
(28, 34, 'Lucius Wehner', 'Reprehenderit dolor dolorum repudiandae suscipit fugit tempore id. Autem id commodi animi tempore. Eligendi et deserunt ipsa soluta. Alias similique blanditiis non laborum et voluptas.', 4, '2018-04-22 16:32:12', '2018-04-22 16:32:12'),
(29, 47, 'Nelda Bode', 'Sapiente rem molestiae ut culpa. Non possimus corrupti non voluptatem corporis blanditiis eligendi eveniet. Laboriosam facilis impedit est fugit non.', 0, '2018-04-22 16:32:12', '2018-04-22 16:32:12'),
(30, 19, 'Holden Becker', 'Consectetur aut possimus aspernatur quisquam aut odit. Suscipit ea inventore qui laboriosam saepe neque ut. Et minus vitae quae quia debitis maiores.', 3, '2018-04-22 16:32:12', '2018-04-22 16:32:12'),
(31, 49, 'Dr. Carlo Heathcote', 'Consequatur nihil id voluptatem quidem et necessitatibus magnam. Rerum nostrum illum voluptatem labore. Dolor nisi non consequatur maxime corrupti at explicabo impedit. Est dolores quisquam quod quibusdam blanditiis exercitationem veniam.', 5, '2018-04-22 16:32:12', '2018-04-22 16:32:12'),
(32, 21, 'Perry Hegmann', 'Sunt ipsum velit reprehenderit harum quis similique corrupti. Enim magnam voluptas est non sed vitae nobis. Qui suscipit laboriosam at voluptas numquam eos. Numquam quibusdam ab quod sit porro deserunt.', 1, '2018-04-22 16:32:12', '2018-04-22 16:32:12'),
(33, 23, 'Prof. Bridget Stark', 'Est voluptatem et quia. Sapiente ab qui eos nihil quis. Eum eos dolorem est ullam ad. Eaque perspiciatis voluptas ea reiciendis molestiae.', 1, '2018-04-22 16:32:12', '2018-04-22 16:32:12'),
(34, 30, 'Alene Keebler', 'Id perspiciatis labore eum repudiandae qui iure ut. Fuga ex exercitationem ad iusto. Optio in soluta voluptas. Deleniti blanditiis sed explicabo placeat beatae. Voluptatum qui modi nisi architecto.', 2, '2018-04-22 16:32:12', '2018-04-22 16:32:12'),
(35, 49, 'Brandon Lemke', 'Omnis ea ipsum et illum aliquam. Exercitationem aspernatur eum quia qui. Sequi alias quam eaque quia dolorem.', 3, '2018-04-22 16:32:12', '2018-04-22 16:32:12'),
(36, 7, 'Autumn Gutmann', 'Ut ipsa voluptatibus pariatur vel dolores labore molestiae laudantium. Neque consequuntur ipsam ab deserunt quae inventore. Nemo est qui consectetur quos illo aut. Perferendis quia corporis quos quidem.', 0, '2018-04-22 16:32:12', '2018-04-22 16:32:12'),
(37, 19, 'Amiya Cummerata I', 'Autem aut suscipit sint. Nihil praesentium illo dolorum eos consequatur. Ut porro rem eos rerum sapiente vel. Incidunt rem est quia sit nihil ab ut.', 4, '2018-04-22 16:32:12', '2018-04-22 16:32:12'),
(38, 39, 'Roberto Schiller', 'Omnis veritatis eaque cupiditate nesciunt. Omnis reprehenderit possimus doloribus tempore. Maiores voluptatem libero doloribus voluptate quibusdam. Iusto numquam esse at eveniet.', 1, '2018-04-22 16:32:12', '2018-04-22 16:32:12'),
(39, 37, 'Julie Hackett', 'Iste et magnam labore consectetur non amet. Necessitatibus et magni nobis et odit necessitatibus. Dolor suscipit sunt asperiores pariatur iusto itaque. Accusantium non autem assumenda voluptatum accusamus.', 1, '2018-04-22 16:32:12', '2018-04-22 16:32:12'),
(40, 18, 'Prof. Ashtyn Cummings', 'Nesciunt est consequatur impedit quibusdam sunt qui. Assumenda rem qui in quia ut quisquam et voluptatum. Error sunt maiores expedita qui iure. Quia sed quasi non impedit natus dolores.', 2, '2018-04-22 16:32:12', '2018-04-22 16:32:12'),
(41, 25, 'Derrick Hintz', 'Eaque veniam at qui. Eius quos amet voluptas sint. Adipisci quia distinctio maiores doloremque aut sint adipisci.', 5, '2018-04-22 16:32:12', '2018-04-22 16:32:12'),
(42, 19, 'Jannie Barrows MD', 'Ut voluptatem beatae officia. Quis sit perferendis reprehenderit perferendis.', 0, '2018-04-22 16:32:12', '2018-04-22 16:32:12'),
(43, 50, 'Janelle Schumm', 'Et error incidunt necessitatibus molestias quam reiciendis. Delectus excepturi rerum harum animi possimus ea eveniet. Temporibus mollitia quia aliquam quam cum amet. Est id nihil ut quod consequatur aperiam itaque.', 4, '2018-04-22 16:32:12', '2018-04-22 16:32:12'),
(44, 3, 'Ms. Jennifer Lesch', 'Rerum molestiae sed ut rerum unde occaecati omnis. Dolores dolores enim magni adipisci quibusdam consequuntur quia aliquid. Doloribus quo sint fugit unde vel et. Eligendi quasi labore tempora sequi assumenda et.', 0, '2018-04-22 16:32:13', '2018-04-22 16:32:13'),
(45, 38, 'Devan Morissette Sr.', 'Aliquam cum et consequatur quasi eveniet quasi. Quia voluptatem qui mollitia. Voluptatum est voluptatem dolorem a tempore. Laudantium quo ut aut ea quo. Rerum iure et ut natus fugiat fugit et.', 5, '2018-04-22 16:32:13', '2018-04-22 16:32:13'),
(46, 26, 'Brayan Jacobson', 'Adipisci eius accusamus qui aliquam ad harum velit harum. Quaerat neque et modi deserunt non pariatur eveniet. Quas sit ex et pariatur placeat porro temporibus est.', 1, '2018-04-22 16:32:13', '2018-04-22 16:32:13'),
(47, 27, 'Aurore Osinski', 'Et deserunt voluptatem ut dolor dolor excepturi aut. Error et architecto dolorem consequuntur eos qui. Consequatur non non unde minus qui enim placeat. Magnam aut iusto est facilis.', 2, '2018-04-22 16:32:13', '2018-04-22 16:32:13'),
(48, 26, 'Krystal Rippin', 'Est optio perspiciatis aut consequatur voluptate non. Voluptatum expedita aut autem. Veritatis et architecto aut repellendus aut molestiae modi. Veritatis qui non et quas qui.', 5, '2018-04-22 16:32:13', '2018-04-22 16:32:13'),
(49, 42, 'Kyra Labadie', 'Et est accusamus dolor doloremque consequatur. Et et sed voluptas assumenda hic est mollitia. Quod enim animi optio et. Minima magni sit quam in animi.', 5, '2018-04-22 16:32:13', '2018-04-22 16:32:13'),
(50, 29, 'Destany Kirlin III', 'Rerum reiciendis doloremque ipsum animi doloremque laudantium voluptatibus. Qui ex atque deserunt nemo aut quo autem. Laudantium dolores facere deleniti. Repudiandae et eos tempora nihil et.', 0, '2018-04-22 16:32:13', '2018-04-22 16:32:13'),
(51, 5, 'Fannie Mante', 'Reiciendis quaerat minus labore repellendus. Qui ratione iure quo provident et. Consequatur labore quas eligendi est. Ut voluptatem itaque cum et non iste voluptatum ut.', 1, '2018-04-22 16:32:13', '2018-04-22 16:32:13'),
(52, 21, 'Dr. Darion Hodkiewicz PhD', 'Occaecati facilis aliquam iure incidunt quidem commodi. Et rerum cumque et suscipit. Possimus perferendis optio fugiat sunt.', 4, '2018-04-22 16:32:13', '2018-04-22 16:32:13'),
(53, 11, 'Palma Jacobs', 'Cum dignissimos dignissimos aliquid laboriosam ea perspiciatis. Quia cumque in quam debitis iste illum. Voluptatem sed eos vel itaque aperiam. Excepturi et maiores voluptas vel.', 0, '2018-04-22 16:32:13', '2018-04-22 16:32:13'),
(54, 14, 'Brandyn Hickle', 'Est incidunt repudiandae sapiente perspiciatis labore. Magni ut veritatis blanditiis a dolor. Adipisci provident illum voluptates. Iure aut doloremque possimus consectetur ut et sequi quisquam.', 1, '2018-04-22 16:32:13', '2018-04-22 16:32:13'),
(55, 6, 'Mrs. Reanna Lueilwitz', 'Et modi necessitatibus quasi cum nihil nesciunt. Officia asperiores soluta facere in dolor dolorum. Eos rem assumenda cupiditate est libero et.', 5, '2018-04-22 16:32:13', '2018-04-22 16:32:13'),
(56, 43, 'Miss Adella Hagenes PhD', 'Qui velit id ea voluptatem sed aut doloribus. Velit dolorum consequatur voluptatem accusamus temporibus vero. Quidem vel quae aperiam quaerat ipsam harum voluptatem. Est neque consequatur eos similique facere fuga sed. Eligendi excepturi nemo maxime inventore.', 2, '2018-04-22 16:32:13', '2018-04-22 16:32:13'),
(57, 16, 'Yesenia O\'Hara PhD', 'Ad id autem unde. Maiores ipsa quia doloribus illo id quod. Voluptatem voluptatum sunt quia illo repellat nihil illum.', 2, '2018-04-22 16:32:13', '2018-04-22 16:32:13'),
(58, 16, 'Cielo Jaskolski', 'Asperiores assumenda ut porro ullam. Omnis ab alias tempora qui autem dolor. Labore ut dolores rem est harum a.', 3, '2018-04-22 16:32:13', '2018-04-22 16:32:13'),
(59, 34, 'Imelda Keeling', 'Numquam nesciunt voluptatem quia exercitationem nobis consequuntur sed officia. Molestias unde exercitationem sit recusandae dolores quod velit. Aliquam praesentium aut atque ducimus iste quasi. Eligendi eveniet aspernatur est numquam.', 4, '2018-04-22 16:32:13', '2018-04-22 16:32:13'),
(60, 3, 'Dr. Colleen Satterfield III', 'Cumque quas veritatis qui quo doloremque aut. Sunt deleniti iusto mollitia laudantium dolorem aut.', 3, '2018-04-22 16:32:13', '2018-04-22 16:32:13'),
(61, 37, 'August Bergnaum', 'Sit est sunt repellat distinctio. Modi provident ratione facere repudiandae non est aut. Soluta eligendi aperiam et.', 3, '2018-04-22 16:32:13', '2018-04-22 16:32:13'),
(62, 46, 'Jody Toy', 'Distinctio corporis a ullam qui omnis sed dicta. Vero voluptate aut voluptates magni quas eum excepturi. Eum et rerum atque consectetur. Consequatur sit sunt recusandae eum vel molestiae.', 4, '2018-04-22 16:32:13', '2018-04-22 16:32:13'),
(63, 16, 'Mohamed Windler', 'Quidem qui maiores voluptatem quae dolores adipisci ducimus. Nostrum itaque sint aut temporibus sed est. Voluptatem officiis temporibus nisi omnis. Itaque cupiditate illo iste et in incidunt qui modi. Illum consequuntur nulla distinctio dolores molestiae vel.', 2, '2018-04-22 16:32:13', '2018-04-22 16:32:13'),
(64, 7, 'Ms. Pearl Murphy DVM', 'Optio quos ipsam qui sed necessitatibus odit voluptas. Deleniti at sapiente blanditiis doloribus quis ratione rerum. Veritatis et illo voluptas sed eligendi. Est ducimus et ex iusto ab ut dolore. Voluptatem id dolores voluptatum et odio delectus aut minus.', 3, '2018-04-22 16:32:13', '2018-04-22 16:32:13'),
(65, 24, 'Kristina Pacocha', 'Debitis perspiciatis accusantium rerum sit qui aut consequatur. Et molestiae maxime nihil. Ipsa corrupti dolores quas. Ad quia aut vero cupiditate est et.', 3, '2018-04-22 16:32:13', '2018-04-22 16:32:13'),
(66, 2, 'Dr. Sylvester Brakus', 'Voluptatibus quis qui ut. Est et enim et iste ullam dolore. Incidunt est consequatur qui consequatur numquam. Et sint adipisci nobis qui accusamus odio.', 3, '2018-04-22 16:32:13', '2018-04-22 16:32:13'),
(67, 31, 'Elwin Green', 'Natus veniam veritatis eos ad laboriosam. Exercitationem repellat nobis inventore dicta eaque dolores est. Est similique occaecati nobis ex fugiat.', 3, '2018-04-22 16:32:13', '2018-04-22 16:32:13'),
(68, 4, 'Ardella Glover', 'Minus velit veniam dolores voluptatem voluptatibus eos. Praesentium expedita dolor omnis architecto aliquam voluptatum id magni. Praesentium commodi delectus recusandae ut minima sunt.', 0, '2018-04-22 16:32:13', '2018-04-22 16:32:13'),
(69, 39, 'Cesar Kautzer', 'Omnis eos enim animi nihil nihil. Nihil ea necessitatibus voluptas perspiciatis qui. Sunt doloribus dolores tempore veniam est.', 1, '2018-04-22 16:32:13', '2018-04-22 16:32:13'),
(70, 45, 'Jacques Kris', 'Accusamus quo veniam facilis temporibus nihil. Dolor nobis nostrum molestiae. Omnis quia id aut nam velit.', 5, '2018-04-22 16:32:13', '2018-04-22 16:32:13'),
(71, 50, 'Bertrand Hettinger', 'Earum praesentium ratione dicta labore. Autem aspernatur rerum tempora quaerat quis qui. Quam quia maiores quis vitae non recusandae quaerat. Accusantium voluptas fuga assumenda quo quia.', 0, '2018-04-22 16:32:13', '2018-04-22 16:32:13'),
(72, 32, 'Addison Runolfsdottir', 'Voluptas suscipit cum sit rerum id. Ut laboriosam alias eaque voluptate quam distinctio.', 5, '2018-04-22 16:32:13', '2018-04-22 16:32:13'),
(73, 3, 'Miss Mae Larkin MD', 'Provident dicta qui culpa voluptas et autem repudiandae quia. Asperiores aspernatur rerum beatae et rerum sit. Illum maxime quidem tempora atque in dolores provident.', 1, '2018-04-22 16:32:13', '2018-04-22 16:32:13'),
(74, 37, 'Mrs. Eleanora Wuckert Sr.', 'Et omnis temporibus totam incidunt asperiores. Consequatur repellat nulla laudantium soluta provident est.', 1, '2018-04-22 16:32:13', '2018-04-22 16:32:13'),
(75, 38, 'Dr. Beth Prohaska', 'Earum asperiores velit et qui quia incidunt ut. Quos quo nam molestiae dignissimos. Officiis ut recusandae earum facilis necessitatibus.', 4, '2018-04-22 16:32:13', '2018-04-22 16:32:13'),
(76, 49, 'Leonor Koss', 'Architecto vero debitis repellat impedit. Dignissimos nam beatae necessitatibus et. Iste iure unde qui expedita ducimus tenetur eligendi. Autem officiis id dolor. Aperiam repudiandae maiores est est inventore consequatur sunt.', 1, '2018-04-22 16:32:13', '2018-04-22 16:32:13'),
(77, 25, 'Charles Legros', 'Velit excepturi asperiores debitis non qui laborum hic. Facere ab voluptatibus incidunt vel nisi. Quod illo quasi aspernatur sit non rem omnis. Iure nihil aliquam sed rerum modi sed.', 1, '2018-04-22 16:32:13', '2018-04-22 16:32:13'),
(78, 33, 'Mr. Andrew Prosacco', 'Sunt officiis quo iure aut eveniet libero eos. Qui soluta inventore nobis quas est nisi. Consequuntur autem ipsa perspiciatis et qui dolore. Inventore dicta et est. Minus sequi iure vero aut nisi cumque est.', 0, '2018-04-22 16:32:13', '2018-04-22 16:32:13'),
(79, 19, 'Genoveva Fahey', 'Praesentium voluptas quis a blanditiis iusto at sint velit. Provident molestias enim qui.', 1, '2018-04-22 16:32:14', '2018-04-22 16:32:14'),
(80, 7, 'Prof. Mandy Koepp DDS', 'Repudiandae quaerat sunt ut corrupti eligendi suscipit temporibus. Laudantium quod et nobis similique id quis autem. Quod perspiciatis possimus accusamus exercitationem rerum. Qui dicta repudiandae quaerat.', 0, '2018-04-22 16:32:14', '2018-04-22 16:32:14'),
(81, 9, 'Vivien Eichmann', 'Voluptates ea doloribus distinctio recusandae aut ex vitae quia. Officiis aspernatur ullam enim dignissimos. Quisquam sit molestiae vitae et ut in. Ut repellendus pariatur quia nesciunt.', 1, '2018-04-22 16:32:14', '2018-04-22 16:32:14'),
(82, 47, 'Cali Schimmel', 'Porro amet facilis natus esse. Qui perspiciatis quidem voluptates dolorem aut fugiat sint.', 3, '2018-04-22 16:32:14', '2018-04-22 16:32:14'),
(83, 13, 'Ezra Gerhold', 'Natus eaque quasi amet cupiditate. Et reiciendis corporis praesentium ab. Corporis eum quam sapiente eveniet qui. Accusantium facilis et error eum.', 2, '2018-04-22 16:32:14', '2018-04-22 16:32:14'),
(84, 36, 'Brain Kassulke', 'Nemo molestiae alias voluptatum tenetur sunt iste. Et est rerum exercitationem illum dicta. Ea eum minus sed. Et est quam et ut non ut ipsa id.', 3, '2018-04-22 16:32:14', '2018-04-22 16:32:14'),
(85, 2, 'Miss Thea Metz DVM', 'Sit itaque et consequatur neque et consequatur possimus eum. Quia harum occaecati repellendus quia corporis sequi. Et consequuntur nostrum quia magnam. Ea vero explicabo eum sequi.', 1, '2018-04-22 16:32:14', '2018-04-22 16:32:14'),
(86, 43, 'Marcelle Macejkovic', 'Corrupti dolore et sed atque adipisci voluptas. Dolor ut eius eaque ullam quidem. Quam laudantium possimus reiciendis est earum in. Esse voluptas accusantium corporis fugiat similique soluta.', 4, '2018-04-22 16:32:14', '2018-04-22 16:32:14'),
(87, 37, 'Dortha Russel', 'Nam dolorum quo laborum ex unde. Non harum illo omnis nihil nesciunt culpa. Similique aut fugiat cumque autem maiores esse vero.', 4, '2018-04-22 16:32:14', '2018-04-22 16:32:14'),
(88, 35, 'Joseph O\'Connell', 'Illo dolorem laborum ut et. Modi dolore cumque aperiam rerum. Quasi consequuntur iusto dolores.', 4, '2018-04-22 16:32:14', '2018-04-22 16:32:14'),
(89, 4, 'Stuart Brown', 'Eos suscipit commodi veniam eius laboriosam aut minus. Earum accusamus non enim earum. Saepe itaque minus fugiat aut modi.', 2, '2018-04-22 16:32:14', '2018-04-22 16:32:14'),
(90, 26, 'Willie Yost', 'Ut dolores quia dolorum amet at. Veniam libero ipsa in architecto nesciunt quos. Nihil est eos aut explicabo.', 2, '2018-04-22 16:32:14', '2018-04-22 16:32:14'),
(91, 43, 'Lucile Legros MD', 'Et mollitia ullam ut exercitationem ipsam et exercitationem. Vero quaerat atque qui est eos deserunt. Deleniti reiciendis eum porro. Autem sequi cupiditate laboriosam vel.', 2, '2018-04-22 16:32:14', '2018-04-22 16:32:14'),
(92, 43, 'Trisha O\'Keefe', 'Delectus vel impedit quia occaecati odit cumque. Tenetur inventore saepe veniam dolor. Saepe non vel quo occaecati quam odit.', 5, '2018-04-22 16:32:14', '2018-04-22 16:32:14'),
(93, 34, 'Rosario Schiller Jr.', 'Qui reiciendis voluptas fugiat quibusdam quam earum. Accusantium ut adipisci dicta minima eos sed. Consequatur facere sed asperiores culpa sed ullam voluptatem.', 5, '2018-04-22 16:32:14', '2018-04-22 16:32:14'),
(94, 43, 'Jettie O\'Keefe MD', 'Odit rerum ullam nam hic nesciunt velit vitae. Facilis et ex tempore fugiat. Eum nihil beatae dolorem. Ipsum facilis fuga ducimus in aut ratione.', 1, '2018-04-22 16:32:14', '2018-04-22 16:32:14'),
(95, 31, 'Melyna Waters', 'Repudiandae error dolorem est aut. Nobis est deleniti nihil minima. Mollitia et magni consectetur voluptatem ea.', 1, '2018-04-22 16:32:14', '2018-04-22 16:32:14'),
(96, 44, 'Chadd Kuphal', 'Libero velit alias facere et eaque est. Non delectus distinctio laudantium qui pariatur aliquam. Molestiae non commodi dolores et blanditiis. Recusandae voluptatem et voluptas architecto nihil sequi laboriosam. Tempore et reiciendis sunt.', 2, '2018-04-22 16:32:14', '2018-04-22 16:32:14'),
(97, 17, 'Mr. Chet Armstrong DDS', 'Adipisci commodi in odit illum perferendis voluptates sit numquam. Eius quia iure assumenda totam dolores aliquid. Natus ex dolorem quaerat laudantium.', 3, '2018-04-22 16:32:14', '2018-04-22 16:32:14'),
(98, 9, 'Dayton Lebsack', 'Consequuntur porro porro et nostrum assumenda. Quidem consectetur deserunt nesciunt iste. Error qui dolor laudantium sunt.', 3, '2018-04-22 16:32:14', '2018-04-22 16:32:14'),
(99, 40, 'Austin Beatty', 'Quos aut dolorem velit officia ab magnam. Tempore autem molestias excepturi dignissimos praesentium enim hic et. Suscipit velit fugit minus iste. Adipisci esse quae dolorem et nam pariatur quia.', 5, '2018-04-22 16:32:14', '2018-04-22 16:32:14'),
(100, 14, 'Myrtis Ledner', 'Iusto quos eum perspiciatis maxime. Quod ratione autem et et qui distinctio possimus. Esse veritatis maxime veritatis quis. Iure praesentium asperiores cum a provident recusandae sed.', 3, '2018-04-22 16:32:14', '2018-04-22 16:32:14'),
(101, 5, 'Prof. Louie Funk', 'Ipsam nobis nihil dolor deserunt voluptate. Amet ut exercitationem consectetur. Aut sapiente voluptates voluptate molestiae cum voluptatem vel. Iusto omnis a quisquam ullam necessitatibus. Porro laborum repellat rem eligendi omnis quia.', 1, '2018-04-22 16:32:14', '2018-04-22 16:32:14'),
(102, 5, 'Nolan Shields', 'Veritatis suscipit consequuntur sint dolor assumenda. Distinctio exercitationem occaecati quibusdam voluptas aut. Consequatur repellendus ducimus velit sit rem. Aut et officiis hic cupiditate qui.', 0, '2018-04-22 16:32:14', '2018-04-22 16:32:14'),
(103, 25, 'Alana Rowe', 'Laborum neque vero quos perferendis cum. Aut sunt eos et in eos sed et eos. Itaque perspiciatis aut quibusdam odit.', 0, '2018-04-22 16:32:14', '2018-04-22 16:32:14'),
(104, 37, 'Astrid Brown', 'Est sapiente iste neque et ut iusto commodi. Voluptatem aut enim expedita maiores blanditiis eveniet. Deserunt sint qui molestias eveniet similique id eum.', 0, '2018-04-22 16:32:14', '2018-04-22 16:32:14'),
(105, 25, 'Mr. Arden Hills', 'Omnis sunt at eaque porro earum officia. Iure itaque veniam nostrum qui accusantium enim. Fugit in vel voluptatem. Temporibus quia eos cupiditate.', 2, '2018-04-22 16:32:14', '2018-04-22 16:32:14'),
(106, 34, 'Jacklyn Brakus', 'Accusamus veritatis laborum et deserunt. Est quidem odit sed adipisci eum non est. Veniam unde harum in et voluptatem debitis. Consequatur dignissimos provident odio culpa.', 2, '2018-04-22 16:32:14', '2018-04-22 16:32:14'),
(107, 34, 'Josue McLaughlin', 'Fuga eos dolorem architecto dolorem aut libero cupiditate. Molestiae voluptatem quasi sequi aut nisi tempora incidunt saepe.', 0, '2018-04-22 16:32:14', '2018-04-22 16:32:14'),
(108, 16, 'Prof. Waylon Dach I', 'Consequuntur est eaque repellat odio reprehenderit dolores. Qui accusamus aut neque sint molestiae sed. Quisquam omnis est fugiat et odio vel. Sint qui omnis id corporis.', 3, '2018-04-22 16:32:15', '2018-04-22 16:32:15'),
(109, 38, 'Ahmed Cassin', 'Dolores molestias aperiam veniam enim excepturi et. Modi placeat vero cumque non. Ut ratione at rem vel esse a suscipit quia.', 2, '2018-04-22 16:32:15', '2018-04-22 16:32:15'),
(110, 10, 'Prof. Norene Heller', 'Sunt labore vel nemo animi harum consequatur et. Id quos et quia repudiandae vel beatae. Est qui ab nam eveniet reiciendis in et.', 5, '2018-04-22 16:32:15', '2018-04-22 16:32:15'),
(111, 28, 'Zelma Sawayn', 'A nisi cupiditate dolorum hic quia aspernatur temporibus. Nulla dolorum eveniet et dolor. Non et id aut voluptatem eos aliquam.', 2, '2018-04-22 16:32:15', '2018-04-22 16:32:15'),
(112, 47, 'Jerald Bahringer', 'Corporis ipsam dolorem provident non. Rerum itaque dolorem omnis consequatur saepe sint. Et mollitia dolore in. Assumenda nostrum fugit nostrum enim ut et ad officiis. Sed natus et hic minima necessitatibus quam.', 5, '2018-04-22 16:32:15', '2018-04-22 16:32:15'),
(113, 48, 'Elmira Denesik', 'Doloribus impedit non et. Voluptas ratione dolore et molestiae illum. Perspiciatis enim ipsum voluptatem delectus laboriosam necessitatibus incidunt.', 1, '2018-04-22 16:32:15', '2018-04-22 16:32:15'),
(114, 26, 'Dr. Jailyn Effertz', 'Fugiat omnis nesciunt qui maiores accusamus quia. Inventore laudantium soluta possimus minus magnam esse nemo. Voluptas nam ea porro. Amet itaque nemo praesentium saepe distinctio sunt officiis reiciendis.', 2, '2018-04-22 16:32:15', '2018-04-22 16:32:15'),
(115, 19, 'Dr. Monserrat Nicolas IV', 'Dolorum est vero aspernatur qui. Reiciendis qui et quasi voluptatibus temporibus. Delectus non fugiat facere quia aut vero fuga.', 0, '2018-04-22 16:32:15', '2018-04-22 16:32:15'),
(116, 1, 'Dr. Korey Moen', 'Quae totam vel est odio inventore. Qui dignissimos ea alias in similique. Quo aliquid sint ullam eligendi dolorem.', 4, '2018-04-22 16:32:15', '2018-04-22 16:32:15'),
(117, 46, 'Mr. Hugh Marquardt', 'Ratione facere soluta iusto distinctio. Necessitatibus et iste minus. Rerum voluptatibus qui ex quod cumque et. Excepturi ratione incidunt architecto culpa ipsam sequi.', 1, '2018-04-22 16:32:15', '2018-04-22 16:32:15'),
(118, 4, 'Prof. Kadin Kub', 'Sit ad qui sit est sapiente. Ab quis doloribus qui omnis quidem.', 1, '2018-04-22 16:32:15', '2018-04-22 16:32:15'),
(119, 33, 'Mr. Curtis Steuber', 'Qui culpa laborum sit minima voluptas. Aut id doloribus quo nam rem dolores dolorem. Corporis quia iste nobis saepe. Error sed quis quia hic. Non quae natus quibusdam officia dolores repellendus perferendis enim.', 3, '2018-04-22 16:32:15', '2018-04-22 16:32:15'),
(120, 31, 'Jack O\'Reilly', 'Praesentium delectus quam minima temporibus. Voluptas dolorum ab voluptas est in quia voluptatum et. Dicta magni animi vero incidunt quod quisquam ducimus.', 3, '2018-04-22 16:32:15', '2018-04-22 16:32:15'),
(121, 23, 'Bernice Cormier', 'Tenetur vel nihil adipisci et. Et consectetur adipisci ut ducimus.', 1, '2018-04-22 16:32:15', '2018-04-22 16:32:15'),
(122, 8, 'Mozell Kub DVM', 'Eum quo et eius eos ut esse aperiam. Et ut odit et repellat. Magni amet est voluptates reiciendis ea.', 2, '2018-04-22 16:32:15', '2018-04-22 16:32:15'),
(123, 10, 'Cecile Greenfelder', 'Dignissimos eius praesentium consequatur necessitatibus deserunt aut excepturi. Ducimus est quasi omnis alias temporibus error. Ad sequi veniam id voluptatem.', 4, '2018-04-22 16:32:15', '2018-04-22 16:32:15'),
(124, 21, 'Prof. Javonte Effertz', 'Quaerat ut amet doloremque provident consectetur. Qui libero minus aut. Quis quas enim soluta illo inventore. Odio debitis quasi repellendus.', 4, '2018-04-22 16:32:15', '2018-04-22 16:32:15'),
(125, 47, 'Ephraim Halvorson', 'Ratione est et quia nobis quia. Omnis ab maxime vero ea error asperiores nihil. Voluptate qui eum veniam pariatur qui aut. Maiores impedit ipsa totam porro.', 5, '2018-04-22 16:32:15', '2018-04-22 16:32:15'),
(126, 25, 'Rosalia Christiansen', 'Nemo et et voluptatem labore. Ut est similique nemo ad quasi velit quis.', 5, '2018-04-22 16:32:15', '2018-04-22 16:32:15'),
(127, 38, 'Melisa Kohler', 'Voluptatem dicta et eligendi atque adipisci modi magnam. Error qui ratione autem aperiam eaque.', 5, '2018-04-22 16:32:15', '2018-04-22 16:32:15'),
(128, 4, 'Evert Schaden', 'Sit ipsa consequuntur asperiores eos quo ullam autem. Minus perferendis quia aspernatur ducimus culpa nisi praesentium. Natus ullam illo eius. Qui omnis tempore dolorum occaecati reprehenderit quod aperiam voluptas.', 0, '2018-04-22 16:32:15', '2018-04-22 16:32:15'),
(129, 29, 'Gennaro Bauch', 'Velit natus mollitia non. Est ipsa nihil quas voluptate. Rerum et explicabo sapiente ullam corporis. Dolor fuga quisquam error cum.', 4, '2018-04-22 16:32:15', '2018-04-22 16:32:15'),
(130, 11, 'Dr. Jammie Dietrich', 'Voluptatibus autem aut asperiores exercitationem provident hic eligendi dolores. Sed et praesentium itaque id est dignissimos accusantium ut. Numquam eum doloribus veniam non dolorem culpa aut.', 0, '2018-04-22 16:32:15', '2018-04-22 16:32:15'),
(131, 22, 'Ms. Elinore O\'Connell DDS', 'Quis voluptas quod ut sunt quidem alias. Ea qui aperiam sequi nemo perspiciatis doloribus. Facere nihil quisquam minus. Quibusdam qui iusto enim et.', 0, '2018-04-22 16:32:15', '2018-04-22 16:32:15'),
(132, 19, 'Dr. Brendan Konopelski MD', 'Praesentium totam voluptatum illum tempore aspernatur necessitatibus. Placeat nemo odit voluptatibus eveniet. Voluptatem adipisci et nostrum enim.', 3, '2018-04-22 16:32:15', '2018-04-22 16:32:15'),
(133, 3, 'Corine Lubowitz PhD', 'Voluptas explicabo et voluptates quia est rerum qui. Qui ut hic sit eum odit. Asperiores soluta enim quis saepe voluptatem molestiae. Omnis et eum saepe commodi nemo.', 4, '2018-04-22 16:32:15', '2018-04-22 16:32:15'),
(134, 15, 'Miss Loma Veum', 'Blanditiis et eaque eaque illo dolor aut. Nihil porro natus voluptas dolore minima voluptate. Blanditiis incidunt reiciendis et corrupti.', 4, '2018-04-22 16:32:15', '2018-04-22 16:32:15'),
(135, 15, 'Mateo Hand', 'Tempora omnis earum sunt illum. Atque et reiciendis assumenda voluptatem dolorem a sit inventore. Amet veniam aperiam cumque. Quia sit qui deleniti consequatur repellendus quia esse.', 1, '2018-04-22 16:32:15', '2018-04-22 16:32:15'),
(136, 27, 'Wilma Hahn', 'Aut corporis sint perspiciatis consequatur. Qui eum quidem qui sunt error. Veniam expedita ducimus accusamus atque.', 0, '2018-04-22 16:32:15', '2018-04-22 16:32:15'),
(137, 43, 'Devante Abshire', 'Beatae aliquid ex nam provident vel magnam rerum. Porro id voluptatem molestiae maxime. Odit consequatur mollitia voluptate doloremque placeat est accusamus.', 1, '2018-04-22 16:32:15', '2018-04-22 16:32:15'),
(138, 16, 'Timmy Thiel Sr.', 'Sapiente animi sit nostrum eligendi labore. Tenetur temporibus est harum modi reprehenderit et. In rerum sunt quia. Sed non ex atque totam explicabo quisquam dolorem.', 2, '2018-04-22 16:32:16', '2018-04-22 16:32:16'),
(139, 18, 'Gisselle Jast', 'Consectetur suscipit ut tempore suscipit hic reprehenderit. Incidunt nobis omnis sit fuga rerum. Voluptates qui minus ut ipsum. Unde amet omnis qui provident neque repellat.', 0, '2018-04-22 16:32:16', '2018-04-22 16:32:16'),
(140, 13, 'Dr. Carolyn Zieme Sr.', 'Quasi veniam minus quo sunt. Neque omnis explicabo aliquam reiciendis. Cupiditate accusamus voluptas et accusantium ad pariatur non.', 3, '2018-04-22 16:32:16', '2018-04-22 16:32:16'),
(141, 20, 'Prof. Bradley Koelpin Jr.', 'Fugiat vel occaecati in saepe mollitia sed fugit. Cum incidunt quia doloremque dolores rerum voluptatibus eos. Reprehenderit eveniet ut quisquam sint pariatur nihil.', 3, '2018-04-22 16:32:16', '2018-04-22 16:32:16'),
(142, 46, 'Mable Lang', 'Tenetur soluta itaque libero magni consequatur blanditiis. Eum reiciendis veniam soluta non sed quas consequatur. Sunt omnis numquam magnam numquam atque consequatur. Dolor nihil veritatis ea nobis. Aspernatur voluptatibus harum maxime officia.', 4, '2018-04-22 16:32:16', '2018-04-22 16:32:16'),
(143, 49, 'Micheal O\'Hara', 'Cupiditate est voluptates quas voluptatem dolores quia beatae. Dignissimos sit amet reiciendis at expedita minus. Aliquid tempore vero deleniti aut ab reprehenderit ea ab. Optio tempore ipsa atque illum nobis.', 3, '2018-04-22 16:32:16', '2018-04-22 16:32:16'),
(144, 50, 'Diana Bradtke', 'Eveniet suscipit est voluptas minima tenetur. Asperiores excepturi voluptates doloremque ut. Non explicabo non cumque corporis.', 4, '2018-04-22 16:32:16', '2018-04-22 16:32:16'),
(145, 31, 'Hassie Miller', 'Vitae enim architecto et omnis est deleniti inventore. Aspernatur et numquam est quia exercitationem perferendis officia. Vel laboriosam placeat distinctio dolorem.', 5, '2018-04-22 16:32:16', '2018-04-22 16:32:16'),
(146, 44, 'Kaley Little Sr.', 'Qui minima voluptatem eius dolorem debitis. Quae mollitia repellat laborum eos corrupti et. Cum omnis debitis corporis nesciunt molestiae quibusdam dolores. Sit omnis omnis sed occaecati. Quia corrupti quibusdam qui unde.', 2, '2018-04-22 16:32:16', '2018-04-22 16:32:16'),
(147, 5, 'Prof. Sonny Rutherford PhD', 'Quia suscipit dignissimos blanditiis inventore distinctio inventore. Nesciunt vero doloremque amet voluptas. Recusandae possimus atque perspiciatis earum aut. Perferendis nulla omnis numquam molestiae assumenda commodi.', 2, '2018-04-22 16:32:16', '2018-04-22 16:32:16'),
(148, 50, 'Mr. Easter Boyer', 'Est inventore et et ex aut neque. Id ut atque consectetur dolor unde. Blanditiis qui ut vel dolor consequatur asperiores omnis. Incidunt sunt ipsa pariatur consequatur odit nihil ipsam. Quia soluta officia ea dolorem dolores omnis aut.', 5, '2018-04-22 16:32:16', '2018-04-22 16:32:16'),
(149, 27, 'Kattie Roberts', 'Rerum pariatur est et et. Reprehenderit deleniti voluptatibus dolor voluptate accusantium praesentium. Quod distinctio fugit provident beatae. Autem velit omnis voluptas consequatur laudantium earum sequi.', 2, '2018-04-22 16:32:16', '2018-04-22 16:32:16'),
(150, 32, 'Ms. Eliza Emmerich', 'Corrupti non suscipit expedita quo enim nihil. Magni enim voluptatem suscipit sed quos quidem. Ut porro consequatur quo. Voluptas corrupti numquam doloribus qui est dolor eveniet aliquam.', 0, '2018-04-22 16:32:16', '2018-04-22 16:32:16'),
(151, 38, 'Kaia Langosh III', 'Et magni aut praesentium non. Et consequatur explicabo et fuga. Animi dignissimos delectus eius ea delectus.', 2, '2018-04-22 16:32:16', '2018-04-22 16:32:16'),
(152, 46, 'Neha Reichert', 'Nisi nobis natus quo nihil voluptatibus maiores voluptate tempora. Ut in voluptas alias quia. Quaerat eum atque id id. Ea quo id sed quasi. Quis tenetur ipsam non velit ad.', 4, '2018-04-22 16:32:16', '2018-04-22 16:32:16'),
(153, 30, 'Levi Harvey', 'Architecto totam minus reprehenderit consequatur eum aut. Iure possimus sapiente sequi quis. Nisi velit est sit eaque eligendi et quam. Consequatur voluptatem molestiae nostrum nulla eveniet.', 3, '2018-04-22 16:32:16', '2018-04-22 16:32:16'),
(154, 4, 'German Collins I', 'Accusamus ipsam quidem dolores cupiditate odio qui. Porro quo ex quasi quia pariatur earum. Et blanditiis quo veritatis in. Qui cumque omnis doloremque recusandae.', 2, '2018-04-22 16:32:16', '2018-04-22 16:32:16'),
(155, 10, 'Jenifer McGlynn', 'Ducimus modi non et veritatis impedit deleniti est. Corrupti quis rerum aut tenetur.', 5, '2018-04-22 16:32:16', '2018-04-22 16:32:16'),
(156, 3, 'Mr. Tyshawn Schaden II', 'Veniam libero fuga cum animi minima animi aliquam. Quaerat incidunt inventore et at et repellat.', 1, '2018-04-22 16:32:16', '2018-04-22 16:32:16'),
(157, 17, 'Dr. Hassan Kemmer', 'Laboriosam magnam vel labore. Soluta fuga dolorem placeat ea minima cupiditate. Ex voluptatem facilis sunt animi libero rerum.', 1, '2018-04-22 16:32:16', '2018-04-22 16:32:16'),
(158, 3, 'Pierre Adams', 'Tempora odit id occaecati quae velit harum iusto. Sapiente eum saepe qui. Quam vero esse recusandae veritatis qui. Amet dolore maxime repellat repudiandae repellendus suscipit illum.', 5, '2018-04-22 16:32:16', '2018-04-22 16:32:16'),
(159, 47, 'Rene Veum', 'Quis tempore impedit doloribus beatae. Eveniet vitae ab magnam et corporis voluptatem eos. Quia quia ipsa quibusdam rem. Quaerat rerum consectetur ipsa eum qui aspernatur.', 1, '2018-04-22 16:32:16', '2018-04-22 16:32:16'),
(160, 25, 'Rosalyn Kunze', 'Molestias quam reprehenderit natus quasi deleniti. Facilis aut et ut animi accusamus quos. Occaecati voluptate natus vel eum molestiae rerum accusamus. Quisquam blanditiis ipsum sunt velit repellat rerum.', 1, '2018-04-22 16:32:16', '2018-04-22 16:32:16'),
(161, 5, 'Marlin Thompson', 'Ullam consequatur qui placeat aliquid ut quo repudiandae. Deserunt doloremque voluptas vero.', 4, '2018-04-22 16:32:16', '2018-04-22 16:32:16'),
(162, 22, 'Dr. Kole Fritsch', 'Dolore enim eligendi tempora et dolorum magnam deserunt. Aut fugit esse cumque magni iste assumenda enim. Quas architecto qui blanditiis soluta dolorem optio. Deleniti sapiente amet repudiandae rerum voluptatem.', 0, '2018-04-22 16:32:17', '2018-04-22 16:32:17'),
(163, 50, 'Sid Stoltenberg', 'Quisquam quibusdam aut est quas. Aut qui corrupti ut dolores dolorum. Sed sit minima et quis deserunt.', 1, '2018-04-22 16:32:17', '2018-04-22 16:32:17'),
(164, 1, 'Tomas Huel', 'Suscipit rerum officiis nihil repudiandae. Inventore cum a et dolorem libero omnis atque.', 4, '2018-04-22 16:32:17', '2018-04-22 16:32:17'),
(165, 15, 'Mr. Floy Hettinger III', 'Autem assumenda quis placeat neque numquam. Iusto nemo tempore blanditiis. Ullam libero dolore culpa aut.', 5, '2018-04-22 16:32:17', '2018-04-22 16:32:17'),
(166, 48, 'Prof. Brianne Lubowitz IV', 'Et aut ex rem esse cum nobis. Autem quae repudiandae non architecto. Repudiandae ipsa quod et aut aut. Ratione officia perferendis ducimus maiores facere cupiditate quia.', 2, '2018-04-22 16:32:17', '2018-04-22 16:32:17'),
(167, 35, 'Elaina Mraz IV', 'Rerum omnis incidunt possimus odio. Vel facere aliquid enim sit est nesciunt quisquam ut. Hic at eum repellendus ea quidem consequatur.', 0, '2018-04-22 16:32:17', '2018-04-22 16:32:17'),
(168, 49, 'Mrs. Melba Hegmann PhD', 'Quia sunt aut rem temporibus consectetur et. Occaecati eveniet nisi iure harum quia. Ut ex ea repellendus non aliquid. Qui porro eum sint.', 1, '2018-04-22 16:32:17', '2018-04-22 16:32:17'),
(169, 9, 'Prof. Dawn Jacobi II', 'Autem quaerat rerum explicabo. Qui impedit corporis aperiam hic animi et. Velit sunt nesciunt enim occaecati occaecati et iusto. Iusto dolorum veritatis nesciunt dolor sint possimus.', 0, '2018-04-22 16:32:17', '2018-04-22 16:32:17'),
(170, 26, 'Cathrine O\'Kon', 'Vero officia magni dolore molestiae laborum omnis. Velit et ut porro qui culpa sequi.', 4, '2018-04-22 16:32:17', '2018-04-22 16:32:17'),
(171, 31, 'Tara Ullrich', 'Non quidem numquam ut aut. Voluptatem consectetur quia rem quasi. Ratione quo autem est facilis est assumenda a.', 4, '2018-04-22 16:32:17', '2018-04-22 16:32:17'),
(172, 10, 'Prof. Peyton Koepp', 'Aut saepe ut unde ut. Quasi nihil culpa mollitia enim deserunt ullam vero. Eveniet illo eos cum reprehenderit quod in eum. Voluptas eos eos laborum.', 1, '2018-04-22 16:32:17', '2018-04-22 16:32:17'),
(173, 18, 'Henriette Rohan', 'Et dolorem quo aliquam nesciunt et. Delectus consequuntur at iure doloribus provident quas similique nostrum. Perspiciatis recusandae consequuntur eum ea autem occaecati soluta. Nam optio animi vel rerum.', 3, '2018-04-22 16:32:17', '2018-04-22 16:32:17'),
(174, 33, 'Sophia Hammes', 'Omnis eos earum porro alias quaerat. At blanditiis aliquid asperiores et laudantium veniam. Et dolores quibusdam nesciunt voluptatem blanditiis quia totam. Fugiat molestiae est fugit perspiciatis repellendus quia adipisci.', 4, '2018-04-22 16:32:17', '2018-04-22 16:32:17'),
(175, 42, 'Ian Breitenberg', 'Est sunt rerum dolores non. Voluptatum aut praesentium modi neque sequi non id.', 3, '2018-04-22 16:32:17', '2018-04-22 16:32:17'),
(176, 6, 'Dolores Bosco', 'Accusantium cum perferendis et nihil omnis. In quod aliquam qui sapiente earum. Reprehenderit dicta odit eum ut sequi nisi.', 1, '2018-04-22 16:32:17', '2018-04-22 16:32:17'),
(177, 48, 'Prof. Izaiah Funk', 'Harum sit ea accusamus quia velit et. Sunt omnis est corrupti non nulla odio ut. Voluptatem nam commodi alias sint nihil. Ipsam corporis ea alias officia et dignissimos.', 2, '2018-04-22 16:32:17', '2018-04-22 16:32:17'),
(178, 29, 'Alford Lind', 'Qui ab exercitationem tempora ut tenetur. Sit ipsa quibusdam debitis id et molestias voluptatem aut. Ipsum officia dolorem sint earum qui laudantium rem.', 3, '2018-04-22 16:32:17', '2018-04-22 16:32:17'),
(179, 30, 'Yoshiko Mills', 'Est possimus iusto cum hic facere impedit. Ut perspiciatis maiores repellat voluptas quo rerum. Velit quis temporibus sit veniam quos. Nam adipisci suscipit minima aut accusantium dolores.', 5, '2018-04-22 16:32:17', '2018-04-22 16:32:17'),
(180, 45, 'Archibald Shields', 'Sunt dignissimos quis corrupti et ipsum qui. Qui repudiandae qui nihil sint omnis dolorum exercitationem. Doloremque beatae et tenetur. Aut doloremque voluptatem sunt accusantium.', 2, '2018-04-22 16:32:17', '2018-04-22 16:32:17'),
(181, 38, 'Willow Fay', 'Ea vel facilis repellendus maxime. Placeat consequuntur amet doloribus sit consequuntur. Eveniet dolorem suscipit eius ipsum ea laudantium.', 4, '2018-04-22 16:32:17', '2018-04-22 16:32:17'),
(182, 24, 'Willis Jones', 'Quasi non labore aspernatur id odio. Autem asperiores sed quo. Ipsa provident non reprehenderit asperiores. Illo architecto tempore tenetur officiis aliquid.', 4, '2018-04-22 16:32:17', '2018-04-22 16:32:17'),
(183, 23, 'King Kassulke', 'Voluptatem ex molestiae vero ea voluptate. Tempore praesentium pariatur aut a mollitia. Amet in id commodi quisquam et qui cumque. Suscipit quia odit est sequi eligendi molestias.', 1, '2018-04-22 16:32:17', '2018-04-22 16:32:17'),
(184, 28, 'Dr. Kobe Koch', 'Eaque ipsa quibusdam unde fugiat rerum mollitia. Consequatur ut vitae officia cumque. Quis molestiae fuga nobis incidunt corrupti enim aliquid. Nisi molestiae esse tempore fugiat id.', 0, '2018-04-22 16:32:17', '2018-04-22 16:32:17'),
(185, 50, 'Jerrold Purdy', 'Ipsum velit animi et porro. Saepe officia nihil consectetur corporis hic voluptate doloribus. Tempore praesentium voluptatibus accusantium cum quis voluptatem distinctio sunt.', 2, '2018-04-22 16:32:17', '2018-04-22 16:32:17'),
(186, 15, 'Ms. Stacy Greenholt DDS', 'Molestiae velit corporis libero quod. Accusantium voluptatem dolores asperiores repudiandae qui enim aperiam. Vel in et voluptatibus officiis et vero perferendis. Laboriosam qui autem error aliquam velit.', 1, '2018-04-22 16:32:17', '2018-04-22 16:32:17'),
(187, 20, 'Dr. Gay Schowalter', 'Ipsa dignissimos sed quidem. Eum et ipsum sunt accusamus laudantium quos.', 3, '2018-04-22 16:32:17', '2018-04-22 16:32:17'),
(188, 10, 'Avery Franecki', 'Corporis aliquam enim qui assumenda explicabo. Aut porro dignissimos provident ad. Ducimus quod est perferendis.', 3, '2018-04-22 16:32:17', '2018-04-22 16:32:17'),
(189, 2, 'Estevan Daugherty', 'Aut quidem ullam corrupti veniam facere molestiae animi. Quas sed suscipit vel consequatur veritatis aut. Commodi id occaecati omnis iste mollitia.', 1, '2018-04-22 16:32:17', '2018-04-22 16:32:17'),
(190, 38, 'Jesse Anderson', 'Veritatis sint maiores aliquam veniam est quis. Recusandae nesciunt culpa eaque architecto aut. Cumque doloribus voluptate similique doloribus consequatur id sit et.', 0, '2018-04-22 16:32:17', '2018-04-22 16:32:17'),
(191, 34, 'Jayda Rosenbaum', 'Et ut quam doloribus et molestiae est ad. Aut explicabo aliquid corrupti impedit praesentium.', 4, '2018-04-22 16:32:17', '2018-04-22 16:32:17'),
(192, 7, 'Brooks Nitzsche', 'Deserunt et et nesciunt sint laudantium velit repellendus quae. Exercitationem quaerat rerum debitis et sint. Exercitationem exercitationem quia ut. Adipisci voluptatem omnis in tempora.', 5, '2018-04-22 16:32:17', '2018-04-22 16:32:17'),
(193, 46, 'Abby Reynolds', 'Rerum et optio tenetur quo voluptate. Ut aut mollitia fugiat nihil dolor quae impedit. Consequatur quia vero repellendus nam ducimus atque animi.', 2, '2018-04-22 16:32:17', '2018-04-22 16:32:17'),
(194, 15, 'Delaney Hoeger', 'Quia veniam aut rerum consequuntur iste ex. Voluptatem hic omnis natus aut nisi velit architecto.', 3, '2018-04-22 16:32:17', '2018-04-22 16:32:17'),
(195, 40, 'Prof. Rosario Connelly PhD', 'Nostrum quae amet molestiae eum dicta. Aliquam natus et et incidunt et quidem amet. Id vel aut laudantium aut ut corrupti nesciunt. Beatae architecto labore sequi.', 1, '2018-04-22 16:32:17', '2018-04-22 16:32:17'),
(196, 26, 'Stefanie Runte II', 'Earum modi explicabo quia ipsa sapiente. Repellendus dolore quis ut et sequi et fugit modi. Id sunt quia eos voluptates repellat laboriosam enim. Et adipisci veritatis earum.', 1, '2018-04-22 16:32:17', '2018-04-22 16:32:17'),
(197, 18, 'Miss Yesenia Botsford I', 'Officiis exercitationem magnam aut omnis sint autem. Velit aspernatur accusantium perspiciatis doloremque distinctio maiores. Et nemo enim optio voluptatem sed.', 3, '2018-04-22 16:32:17', '2018-04-22 16:32:17'),
(198, 24, 'Dr. Brannon Kuphal DVM', 'Non corporis aut corporis delectus et excepturi non. Et repudiandae quaerat sint consequatur accusantium sit hic iure. Necessitatibus perspiciatis officiis cumque laborum omnis dolorem. Doloribus et voluptatibus placeat voluptates est similique qui.', 1, '2018-04-22 16:32:17', '2018-04-22 16:32:17'),
(199, 37, 'Marcelino Hodkiewicz', 'Quaerat asperiores enim vero aut quos aut. Deleniti placeat aspernatur officia molestiae sapiente magnam. Sint voluptates maxime rerum minima.', 0, '2018-04-22 16:32:17', '2018-04-22 16:32:17'),
(200, 40, 'Mrs. Gerry Graham II', 'Repellendus eum consequuntur quo similique laboriosam illo. Id et vel quia quis iusto sint. Sit dolores dicta ea. Saepe doloribus sapiente aut similique libero et earum.', 1, '2018-04-22 16:32:18', '2018-04-22 16:32:18'),
(201, 37, 'Rick Nienow I', 'Excepturi velit et error sint sit. Animi illum aut non porro. Quidem nisi rem excepturi adipisci. Et tenetur accusantium est placeat minus nam sunt culpa.', 5, '2018-04-22 16:32:18', '2018-04-22 16:32:18'),
(202, 20, 'Jermey Homenick', 'Inventore non consequatur aut aut amet. Qui veritatis itaque porro consequuntur perspiciatis quia. Blanditiis facere quas voluptate veritatis voluptatum non placeat. Neque debitis voluptas quae quo.', 0, '2018-04-22 16:32:18', '2018-04-22 16:32:18'),
(203, 38, 'Prof. Raoul Nader II', 'Non et dicta velit est. Labore iure illo quas alias cum quod beatae. Cupiditate accusamus dolores in praesentium architecto cumque. Alias non vitae repellat reprehenderit et cupiditate enim.', 3, '2018-04-22 16:32:18', '2018-04-22 16:32:18'),
(204, 47, 'Ivory Collier', 'Rerum temporibus alias in. Quam sint ex autem sunt. Impedit ab accusantium inventore in velit officiis qui.', 5, '2018-04-22 16:32:18', '2018-04-22 16:32:18'),
(205, 32, 'Casimer Mann PhD', 'Ea delectus aperiam ab fugiat. Est excepturi dolore officia vero molestiae. Maxime quam odio est qui vitae esse. Non enim id vel et.', 5, '2018-04-22 16:32:18', '2018-04-22 16:32:18'),
(206, 18, 'Krystel McCullough', 'Id sit fugit sed ut dolores culpa. Quo quis quidem quidem quia quas. Ut qui voluptatem minus aut qui sint. Et dolorem id qui et ea cupiditate qui.', 4, '2018-04-22 16:32:18', '2018-04-22 16:32:18'),
(207, 41, 'Maxie Wyman', 'Corporis consectetur asperiores maxime et. Enim rerum quis praesentium consequatur reprehenderit atque quia. Debitis mollitia eum mollitia qui necessitatibus. Qui explicabo aut dolorem et omnis id.', 1, '2018-04-22 16:32:18', '2018-04-22 16:32:18'),
(208, 42, 'Dr. Kurt Pacocha IV', 'Pariatur ad eum possimus aut. Nisi a sed officiis rerum numquam reprehenderit velit.', 0, '2018-04-22 16:32:18', '2018-04-22 16:32:18'),
(209, 20, 'Yesenia Bartell', 'Quas iusto quia similique qui. Doloremque et provident labore iste alias quia. Eveniet magnam tempore sint quidem consectetur dicta. Rem voluptatem est quasi eum.', 2, '2018-04-22 16:32:18', '2018-04-22 16:32:18'),
(210, 49, 'Mrs. Kendra Morissette', 'Fugiat consectetur labore natus voluptatum soluta. Numquam voluptatem autem velit at molestiae nulla explicabo. Occaecati culpa numquam ipsa voluptate saepe architecto. Rem est ullam sit non numquam eos voluptatibus. Corrupti eum qui reprehenderit natus explicabo.', 0, '2018-04-22 16:32:18', '2018-04-22 16:32:18');
INSERT INTO `reviews` (`id`, `product_id`, `customer`, `review`, `star`, `created_at`, `updated_at`) VALUES
(211, 4, 'Prof. Chyna Bogisich PhD', 'Quia cum dolores earum ratione voluptas ea. Delectus cum quos neque iure. Natus commodi nesciunt et quis est. Veniam et qui voluptate placeat est aperiam aliquid.', 3, '2018-04-22 16:32:18', '2018-04-22 16:32:18'),
(212, 17, 'Ms. Fae Quigley', 'Dolorum consequatur et error ducimus. Eos optio quos explicabo a quas nostrum culpa. Corrupti exercitationem ullam dicta quis quod. Magnam eum est tempore ex. Exercitationem et quia voluptas id laudantium.', 4, '2018-04-22 16:32:18', '2018-04-22 16:32:18'),
(213, 7, 'Shawna Lemke', 'Commodi autem perferendis ut illo eaque. Quo voluptas dolores alias aut occaecati et. Ut voluptatem culpa quis alias suscipit.', 2, '2018-04-22 16:32:18', '2018-04-22 16:32:18'),
(214, 49, 'Vallie Hahn', 'Aliquam et exercitationem assumenda ea. Qui in iste consectetur ratione. Libero quia rem ea.', 1, '2018-04-22 16:32:18', '2018-04-22 16:32:18'),
(215, 46, 'Kenton Prohaska', 'Et dolores earum assumenda aspernatur. Distinctio laborum unde ut ducimus. Dolores facere enim ducimus nostrum delectus fugiat. Qui nesciunt est quis.', 3, '2018-04-22 16:32:18', '2018-04-22 16:32:18'),
(216, 47, 'Hailie Koch II', 'Et atque aut culpa officiis blanditiis. Dolores architecto reiciendis officiis consectetur maxime laudantium rerum.', 0, '2018-04-22 16:32:18', '2018-04-22 16:32:18'),
(217, 42, 'Gino Rath PhD', 'Consequatur libero ex ipsa eveniet ab aut. Id et nihil vero qui ipsa ut ea. Hic inventore quod aut sed quia est iste ut.', 0, '2018-04-22 16:32:18', '2018-04-22 16:32:18'),
(218, 14, 'Margarete Glover', 'Quo placeat facilis voluptatem quis dolorem labore enim. Dolores perspiciatis perspiciatis praesentium libero delectus. Laborum laudantium voluptatum eligendi expedita adipisci modi. Ut ea eaque dolore eos ut nobis quasi.', 4, '2018-04-22 16:32:18', '2018-04-22 16:32:18'),
(219, 30, 'Oliver Tremblay', 'Doloribus est impedit temporibus quasi nisi ad nam. Et voluptatem sequi recusandae aut. Quasi laboriosam voluptas omnis consequatur cumque nobis sit.', 5, '2018-04-22 16:32:18', '2018-04-22 16:32:18'),
(220, 24, 'Vallie Batz II', 'Iste voluptates deleniti neque quia officiis eos odio. Voluptate et deleniti doloribus quia non quia. Omnis facere eaque suscipit earum odit eius. Itaque rerum sed quis ut dolores.', 1, '2018-04-22 16:32:18', '2018-04-22 16:32:18'),
(221, 40, 'Rolando Kling', 'Nihil qui exercitationem at quia ea non sunt. Aperiam dolor qui et occaecati minima. Eius est similique voluptatem labore. Accusantium voluptas tempore nam quis voluptatem illo.', 5, '2018-04-22 16:32:18', '2018-04-22 16:32:18'),
(222, 42, 'Jessica Powlowski', 'Incidunt quae sapiente sit inventore. Eveniet enim commodi et consequatur. Hic consequuntur est voluptas velit et sequi error.', 2, '2018-04-22 16:32:18', '2018-04-22 16:32:18'),
(223, 45, 'Pattie Hintz Jr.', 'Reiciendis tenetur perspiciatis nihil dolores molestiae. Qui consectetur animi dolores. Ea sed quidem et id aut.', 5, '2018-04-22 16:32:18', '2018-04-22 16:32:18'),
(224, 22, 'Sienna Witting V', 'Ullam at exercitationem nobis earum sed quos accusantium. Doloremque consequuntur et voluptatem voluptas quis. Velit ducimus molestiae amet id sunt. Sit et accusamus sint nemo.', 4, '2018-04-22 16:32:18', '2018-04-22 16:32:18'),
(225, 3, 'Mr. Collin Gaylord', 'Rerum quasi architecto assumenda molestias laborum culpa a. Et officiis deserunt voluptates. Quis assumenda voluptas asperiores nihil. Et et reiciendis reiciendis aliquam est aperiam.', 5, '2018-04-22 16:32:18', '2018-04-22 16:32:18'),
(226, 15, 'Ms. Jaida Heaney', 'Rem assumenda quo sunt aliquid incidunt in repudiandae. Sit architecto accusantium rerum voluptatem quam eaque enim. Ratione aut facilis aspernatur est et eius sit. Mollitia voluptas omnis rem nisi minima sit aspernatur excepturi.', 0, '2018-04-22 16:32:18', '2018-04-22 16:32:18'),
(227, 48, 'Queenie Hartmann', 'Laborum et porro qui fugit eveniet et ipsum. Id quidem eum suscipit. Perspiciatis nulla quo enim. Veniam sed omnis labore est tempora minus.', 0, '2018-04-22 16:32:18', '2018-04-22 16:32:18'),
(228, 14, 'Destinee Bernier PhD', 'Corporis quibusdam occaecati itaque et libero fuga ex. Expedita quos aut neque. Nostrum quo ea commodi labore tempora autem.', 1, '2018-04-22 16:32:18', '2018-04-22 16:32:18'),
(229, 15, 'Tracey Kshlerin', 'Saepe commodi inventore minus asperiores eveniet provident. Et recusandae rerum dolorum aperiam sunt autem. Consectetur accusamus ea quas dolor.', 2, '2018-04-22 16:32:18', '2018-04-22 16:32:18'),
(230, 32, 'Prof. Kasandra Beatty', 'Repellat ut temporibus cum qui quia. Ut magnam quia dolor eaque quo et nulla. Consequatur enim incidunt consequatur nemo. Et neque velit eligendi incidunt exercitationem autem.', 1, '2018-04-22 16:32:18', '2018-04-22 16:32:18'),
(231, 50, 'Ms. Adrienne Kiehn II', 'Deleniti vel aut corporis qui est sequi in. Consequatur nemo incidunt soluta fugiat alias. Voluptate dolore aut rem et aut in tenetur. Voluptas eum quo qui sapiente est laboriosam ipsa.', 5, '2018-04-22 16:32:18', '2018-04-22 16:32:18'),
(232, 4, 'Tina Mills', 'Ut inventore aperiam sed quae expedita neque sed. Nostrum dolore iste et numquam eum omnis. Odit numquam nemo nam recusandae.', 0, '2018-04-22 16:32:18', '2018-04-22 16:32:18'),
(233, 7, 'Chelsie Hilpert', 'Minus eum deserunt autem adipisci eum. Nesciunt velit et eum officiis placeat velit. Distinctio vitae est ullam ratione esse architecto. A et sed repellat ut quos exercitationem animi.', 0, '2018-04-22 16:32:18', '2018-04-22 16:32:18'),
(234, 6, 'Kayla Rogahn', 'Nesciunt commodi vel dolorum. Ea enim est voluptatem eligendi qui debitis perferendis voluptatem. Id animi doloribus quia cupiditate nobis fugiat exercitationem.', 1, '2018-04-22 16:32:18', '2018-04-22 16:32:18'),
(235, 1, 'Merritt Reynolds', 'Ex dolores ducimus ipsam voluptatem. Et ut quibusdam omnis. Optio sed aut in id maiores. Molestiae iste deserunt molestiae nihil quod quibusdam.', 3, '2018-04-22 16:32:18', '2018-04-22 16:32:18'),
(236, 35, 'Dr. Soledad Gulgowski', 'Beatae perferendis voluptatem hic harum ut ea. Qui ut dicta fugiat. Quia alias deserunt aut reiciendis. Harum explicabo alias voluptatem tempora et. Laudantium esse dolorem aut et possimus quia est.', 5, '2018-04-22 16:32:18', '2018-04-22 16:32:18'),
(237, 8, 'Ms. Joelle Goyette MD', 'Quia sed minima beatae accusamus. Qui est sint quaerat eos omnis aliquam ipsa expedita. Sed porro aliquam placeat eius soluta dicta. Est consectetur id consequuntur dolor.', 5, '2018-04-22 16:32:18', '2018-04-22 16:32:18'),
(238, 39, 'Miss Elvie Leannon', 'Nam eligendi est ut. Nostrum perferendis voluptatem est enim corrupti error consequatur. Eius labore necessitatibus veniam corrupti ea aut. Optio molestias voluptates quidem facilis dolore pariatur quaerat.', 0, '2018-04-22 16:32:18', '2018-04-22 16:32:18'),
(239, 24, 'Alexandra Dicki II', 'Veritatis non molestiae ea qui cum. Quidem aliquam et voluptate itaque. Totam ab enim id incidunt tenetur sunt soluta nam. Est eos repudiandae quod.', 1, '2018-04-22 16:32:19', '2018-04-22 16:32:19'),
(240, 20, 'Serena Larson Sr.', 'Blanditiis ut qui et dicta illum nesciunt. Quo est voluptates eligendi. Corrupti vel nam architecto deserunt.', 4, '2018-04-22 16:32:19', '2018-04-22 16:32:19'),
(241, 42, 'Brady Altenwerth Sr.', 'Reiciendis sed tempora dolor architecto facere. Numquam non et et illo. Minima sequi cupiditate nostrum qui dolor. Dolores nesciunt mollitia ducimus et nemo dignissimos.', 3, '2018-04-22 16:32:19', '2018-04-22 16:32:19'),
(242, 5, 'Mrs. Adriana Parisian DDS', 'Sint laborum rem sunt qui. Et nihil enim id eos reprehenderit ut odit deserunt.', 2, '2018-04-22 16:32:19', '2018-04-22 16:32:19'),
(243, 42, 'Yessenia Kerluke MD', 'Optio sint quas omnis occaecati provident. Qui tenetur fugit ut ad molestiae. Accusantium aut repellat repellat molestiae deserunt esse. Aut iure temporibus consequatur aut praesentium eos.', 2, '2018-04-22 16:32:19', '2018-04-22 16:32:19'),
(244, 4, 'Bobby Wunsch', 'Id expedita consectetur omnis deserunt. Est autem esse error suscipit sed qui facere modi. Neque consequatur sapiente optio rerum harum dolor. Dignissimos recusandae sit commodi porro amet.', 0, '2018-04-22 16:32:19', '2018-04-22 16:32:19'),
(245, 34, 'Mrs. Kylee Ebert', 'Impedit quibusdam qui dolorum explicabo. Corporis voluptatem inventore molestiae molestias eligendi omnis.', 2, '2018-04-22 16:32:19', '2018-04-22 16:32:19'),
(246, 26, 'Yasmine Goodwin II', 'Voluptatum pariatur ullam consequatur tenetur aliquid. Consequuntur maiores et deleniti laudantium incidunt aspernatur sed. Ut unde blanditiis hic veniam magni inventore.', 2, '2018-04-22 16:32:19', '2018-04-22 16:32:19'),
(247, 40, 'Mitchel Jacobson', 'Fuga voluptatem ut modi enim. Suscipit placeat est quos quasi ad quam omnis.', 4, '2018-04-22 16:32:19', '2018-04-22 16:32:19'),
(248, 16, 'Niko O\'Connell', 'Quia nulla eligendi rerum enim adipisci inventore. Et cumque facere nihil natus dolor. Qui reprehenderit eum nesciunt beatae error officia. Sint eum velit porro sed quas animi. Facilis eaque nisi doloremque repellendus.', 1, '2018-04-22 16:32:19', '2018-04-22 16:32:19'),
(249, 34, 'Dr. Lonny Zulauf III', 'Voluptatum officia aperiam harum excepturi. Distinctio nihil accusamus error qui eos. Est velit iste non aut. Voluptatem odit a nihil est et.', 5, '2018-04-22 16:32:19', '2018-04-22 16:32:19'),
(250, 34, 'Zack Schinner', 'Voluptas non dolor ullam ipsa. Delectus ut tenetur exercitationem est accusamus.', 5, '2018-04-22 16:32:19', '2018-04-22 16:32:19'),
(251, 47, 'Jack Bogan', 'Voluptates aspernatur alias id eum dolor et dignissimos. Repellat et ex dolore et illum. Nam qui voluptas reiciendis provident et et reprehenderit eos.', 5, '2018-04-22 16:32:19', '2018-04-22 16:32:19'),
(252, 1, 'Abby Bergstrom', 'Qui voluptatem consectetur sunt eum expedita. Placeat eligendi dolor est voluptatem ut veniam. Repellendus praesentium dolorum consequatur eos quo.', 5, '2018-04-22 16:32:19', '2018-04-22 16:32:19'),
(253, 31, 'Heather Schmeler', 'Consectetur consequatur repudiandae dolor rerum illum accusantium. Voluptatem rerum autem quaerat est omnis quod. Amet adipisci laboriosam neque officiis.', 1, '2018-04-22 16:32:19', '2018-04-22 16:32:19'),
(254, 10, 'Lisandro Stanton', 'Aperiam nobis nulla non molestiae sint est quae. Nobis sunt labore non ipsum eum saepe ex unde. Iusto corporis aliquam dolorem totam dolores quaerat. Quaerat id aspernatur minima libero dolor.', 3, '2018-04-22 16:32:19', '2018-04-22 16:32:19'),
(255, 24, 'Dr. Laverna Schamberger PhD', 'Eligendi et voluptatem quia voluptatem quibusdam esse. Ut accusantium maiores est aut porro. Ipsam ipsum omnis sunt tenetur non non. Et blanditiis est consequatur dolorem perferendis delectus.', 3, '2018-04-22 16:32:19', '2018-04-22 16:32:19'),
(256, 19, 'Johnpaul Hilpert I', 'Explicabo vel commodi officia vel necessitatibus non modi. Nam explicabo enim et est. Facilis nobis et maiores veniam commodi. Aut quisquam itaque iste esse veniam.', 5, '2018-04-22 16:32:19', '2018-04-22 16:32:19'),
(257, 9, 'Keely Dietrich MD', 'Consequatur odio molestias voluptatem provident iusto recusandae. Vitae inventore illo rerum minus molestias illo. Ipsam aperiam laboriosam aliquid eligendi iure architecto architecto.', 4, '2018-04-22 16:32:19', '2018-04-22 16:32:19'),
(258, 49, 'Mrs. Michelle Flatley II', 'Est iste numquam temporibus qui. Aut soluta omnis voluptas est. Necessitatibus id dicta animi dolor ad. Quia exercitationem eos enim iure sit qui.', 5, '2018-04-22 16:32:19', '2018-04-22 16:32:19'),
(259, 7, 'Prof. Erin Stehr', 'Dolore dolorem soluta numquam in beatae qui ex sint. Esse distinctio veniam iste et. Animi sapiente dolorum quae sunt sequi.', 5, '2018-04-22 16:32:19', '2018-04-22 16:32:19'),
(260, 37, 'Ms. Eloisa Lowe V', 'Sapiente asperiores esse quas. Officia officia molestiae eveniet ut maiores. Illum ea aperiam qui voluptatem molestiae accusamus.', 4, '2018-04-22 16:32:19', '2018-04-22 16:32:19'),
(261, 37, 'Aliya Labadie', 'Quo corrupti consequuntur unde voluptatem mollitia voluptas aut. Accusamus ipsam fuga quas voluptas commodi error sint eaque. Quam et ipsa occaecati. Sint aut aut et voluptatem unde.', 0, '2018-04-22 16:32:19', '2018-04-22 16:32:19'),
(262, 35, 'Caleb Rowe', 'Laborum repellat culpa veniam voluptas nam ut reprehenderit. Necessitatibus ipsa temporibus aperiam ad numquam ex. Impedit et aut consequatur nihil maiores minus.', 1, '2018-04-22 16:32:19', '2018-04-22 16:32:19'),
(263, 12, 'Destiney Mitchell', 'Quia qui aliquam est eligendi. Velit dolores officiis ab omnis dolorem iusto. Consequatur voluptatem at quas ullam.', 2, '2018-04-22 16:32:19', '2018-04-22 16:32:19'),
(264, 30, 'Patricia Crist', 'Porro qui sint maiores aut. Laudantium aut ea placeat culpa eveniet ipsa. Sed tempora quia fuga. Nihil dolor laborum excepturi facilis eos vero est rerum.', 5, '2018-04-22 16:32:19', '2018-04-22 16:32:19'),
(265, 40, 'Stanton Wehner', 'Laboriosam consequatur ipsum et ipsa doloremque. Voluptatem sed sint illo cupiditate. Magnam dolorem delectus voluptas cupiditate ipsa.', 4, '2018-04-22 16:32:19', '2018-04-22 16:32:19'),
(266, 46, 'Zella Kilback III', 'Aut consequatur sunt incidunt esse aliquid. Sunt libero culpa minima. Temporibus perspiciatis corporis suscipit dolores eaque molestias. Rerum ut aut ab hic aut ipsum.', 2, '2018-04-22 16:32:19', '2018-04-22 16:32:19'),
(267, 44, 'Kenna Stiedemann', 'Ex fugiat dolores dolorum quia. Dolorem est non nostrum reprehenderit. Voluptatem tempore illo quaerat et eum enim. Laudantium maiores laudantium eveniet et expedita.', 0, '2018-04-22 16:32:19', '2018-04-22 16:32:19'),
(268, 44, 'Destin Cronin V', 'Sint quo magnam et iste. Eveniet dolor vero voluptates neque praesentium ad. Est harum eveniet eos fuga. Cupiditate quaerat et tenetur velit ut est assumenda est.', 4, '2018-04-22 16:32:19', '2018-04-22 16:32:19'),
(269, 19, 'Miss Gail Pollich', 'Recusandae voluptas magni voluptatem atque. Quia et corporis adipisci nemo. Et et aut optio et. Pariatur non ab possimus tenetur sunt.', 0, '2018-04-22 16:32:19', '2018-04-22 16:32:19'),
(270, 48, 'Dr. Magnus Mante PhD', 'Debitis non deserunt dolore quidem porro. Eum consectetur excepturi repellendus. Id veniam delectus eligendi et minima. Esse dolor dolorum harum voluptatem est voluptas.', 1, '2018-04-22 16:32:20', '2018-04-22 16:32:20'),
(271, 15, 'Bailey Greenholt', 'Saepe ea odit qui praesentium dignissimos aliquid. Ullam dolores debitis omnis corporis magni ea eveniet unde. Sunt quis quia nemo laudantium voluptas. Itaque eum ipsa ducimus dicta iusto in.', 3, '2018-04-22 16:32:20', '2018-04-22 16:32:20'),
(272, 4, 'Giuseppe Koss', 'Amet voluptatibus dolorem quae mollitia corporis deserunt. Sit ex voluptatem minus et quo. Illo et excepturi nostrum et ut placeat ad ut.', 2, '2018-04-22 16:32:20', '2018-04-22 16:32:20'),
(273, 46, 'Mrs. Juliet Kub I', 'Dolores qui quaerat minima eligendi in dolor dolores. Quod aut dolores repellat ut sit sapiente. Non architecto culpa est minima sunt. Quia libero unde consequuntur iure consectetur.', 5, '2018-04-22 16:32:20', '2018-04-22 16:32:20'),
(274, 35, 'Bert Padberg', 'Adipisci non ut assumenda qui. Ut quis recusandae possimus. Earum at sit doloremque suscipit reprehenderit magnam sunt.', 1, '2018-04-22 16:32:20', '2018-04-22 16:32:20'),
(275, 47, 'Kali Langworth', 'Ipsam nobis deserunt ipsam molestiae rerum cupiditate tenetur. Sint vel quo repellendus tenetur magni nisi.', 2, '2018-04-22 16:32:20', '2018-04-22 16:32:20'),
(276, 6, 'Cassandre Runte', 'Non quos corporis dignissimos similique aut quisquam. Voluptatem dolorum ut voluptate commodi ducimus maiores. Voluptate molestias consequuntur consectetur consectetur. Consequatur consequuntur suscipit et asperiores.', 3, '2018-04-22 16:32:20', '2018-04-22 16:32:20'),
(277, 43, 'Mckayla Friesen', 'Explicabo inventore qui sit atque facere consequatur est. Mollitia et optio veritatis. Autem sapiente molestias ut quisquam minus.', 4, '2018-04-22 16:32:20', '2018-04-22 16:32:20'),
(278, 38, 'Gail Wisoky Sr.', 'Praesentium in voluptatem est nulla et. Placeat fugiat atque cum non ea. Aperiam aut eum consequatur voluptas eius sit ut. Occaecati et aut eius a doloribus.', 3, '2018-04-22 16:32:20', '2018-04-22 16:32:20'),
(279, 7, 'Ramon Kreiger', 'Perferendis voluptate recusandae nemo eveniet et. Magni culpa repellendus atque maiores optio cumque iure. Suscipit molestiae accusantium cumque qui expedita.', 3, '2018-04-22 16:32:20', '2018-04-22 16:32:20'),
(280, 26, 'Mr. Brannon Cartwright', 'Ea voluptatem dolores odit. Eveniet eveniet voluptas deserunt et autem voluptas quae consequuntur. Facilis in assumenda reprehenderit quis alias quia.', 4, '2018-04-22 16:32:20', '2018-04-22 16:32:20'),
(281, 4, 'Koby Hermiston II', 'Iste perspiciatis quaerat incidunt corrupti illo. Tenetur ex saepe odio quidem assumenda iste. Qui consectetur id provident autem.', 5, '2018-04-22 16:32:20', '2018-04-22 16:32:20'),
(282, 47, 'Dr. Emerald Gaylord', 'Veritatis autem autem at commodi voluptatem dolorum ea. Officia quibusdam ea veniam nemo maiores. Dolor harum corporis dolor aut est et velit.', 4, '2018-04-22 16:32:20', '2018-04-22 16:32:20'),
(283, 40, 'Felicity White', 'Ea voluptatibus in est eos mollitia. Eaque quo ut quia sunt corporis qui id dignissimos.', 2, '2018-04-22 16:32:20', '2018-04-22 16:32:20'),
(284, 37, 'Bridget Durgan', 'A odit enim similique ut nam. Tenetur in ea nam dolore sunt dolores. Illo doloremque non quasi enim quas quisquam. Et in voluptas ut ut.', 4, '2018-04-22 16:32:20', '2018-04-22 16:32:20'),
(285, 7, 'Astrid Kautzer', 'Repellat est omnis et id facere repudiandae consequuntur. Praesentium ut eos quia aut. Non eos ut eveniet ut sit voluptate est. Aut culpa ut qui. Sed incidunt dicta tempora non sit.', 1, '2018-04-22 16:32:20', '2018-04-22 16:32:20'),
(286, 19, 'Mr. Spencer Breitenberg III', 'Pariatur atque possimus sit tempore suscipit. Corrupti voluptatem quasi ut autem fugiat. Molestiae totam consectetur a excepturi suscipit voluptas voluptatem laborum.', 5, '2018-04-22 16:32:20', '2018-04-22 16:32:20'),
(287, 27, 'Daphne Bode', 'Deleniti consequatur sapiente unde sit. Cumque praesentium ipsa necessitatibus id. Consequuntur sunt dolores molestiae quaerat dolor.', 3, '2018-04-22 16:32:20', '2018-04-22 16:32:20'),
(288, 39, 'Caroline Kuvalis', 'A quasi soluta soluta corrupti veritatis rerum. Sint quo quaerat sunt provident atque non fugiat. Magnam dolore libero excepturi perspiciatis porro.', 0, '2018-04-22 16:32:20', '2018-04-22 16:32:20'),
(289, 23, 'Pattie Walter V', 'Odio ad et provident enim eveniet. Et numquam voluptate qui nobis voluptatum tenetur nemo. Autem soluta molestiae reprehenderit.', 1, '2018-04-22 16:32:20', '2018-04-22 16:32:20'),
(290, 50, 'Era Steuber', 'Omnis quod et dolor tempore saepe a tempora. Est ut vero dolorem dignissimos rerum modi cupiditate. Ut et quo autem tempore.', 4, '2018-04-22 16:32:20', '2018-04-22 16:32:20'),
(291, 37, 'Mrs. Virginie D\'Amore', 'Ad sed animi praesentium placeat aut dolor magni qui. In odio sapiente eos eos. Modi est id architecto assumenda. Sed voluptas qui veniam ullam.', 0, '2018-04-22 16:32:20', '2018-04-22 16:32:20'),
(292, 26, 'Harry O\'Connell', 'Nostrum minus nisi laboriosam quas autem minima saepe. Dicta blanditiis ratione voluptatibus consequuntur minus voluptas. Suscipit expedita quidem officia aliquid maxime autem velit.', 5, '2018-04-22 16:32:20', '2018-04-22 16:32:20'),
(293, 11, 'Dr. Elmore Jerde Sr.', 'Voluptatem quis aliquid fuga. Labore eveniet ea eligendi quo autem aut. Et earum ab fugiat sunt sit.', 5, '2018-04-22 16:32:20', '2018-04-22 16:32:20'),
(294, 28, 'Cyril Conn', 'Ut exercitationem illo vitae autem placeat dolores. Tempore officiis corrupti voluptatem magni laborum. Deserunt impedit aut sint cumque inventore sint magnam.', 0, '2018-04-22 16:32:20', '2018-04-22 16:32:20'),
(295, 39, 'Jacklyn Crist Jr.', 'Labore laborum voluptas aut modi asperiores aut exercitationem. Aut enim tempore fugit facilis. Labore consequatur explicabo dolorem corrupti molestiae voluptate ut quae. Quo nemo molestiae minus deleniti fuga architecto. Inventore aliquam hic nihil.', 2, '2018-04-22 16:32:20', '2018-04-22 16:32:20'),
(296, 26, 'Gunner Keeling', 'Accusamus corporis distinctio vero rem deleniti tenetur. Quia qui dolorem molestiae labore sed commodi. Eaque excepturi est velit odio. Id consequuntur numquam enim unde sed eum temporibus.', 2, '2018-04-22 16:32:20', '2018-04-22 16:32:20'),
(297, 3, 'Prof. Cassandra O\'Reilly', 'Dolor est voluptate necessitatibus repellat qui eos. Officia ut id at ut dolores quaerat aut. Nam commodi nesciunt id a.', 3, '2018-04-22 16:32:20', '2018-04-22 16:32:20'),
(298, 2, 'Miss Queenie Lemke', 'Est facere modi nisi inventore assumenda. Asperiores aut reiciendis ullam dicta quia nostrum nihil. Nisi dolores sapiente alias sed nihil cum provident.', 4, '2018-04-22 16:32:20', '2018-04-22 16:32:20'),
(299, 36, 'Reese Armstrong', 'In voluptatem laudantium sit eaque. Officiis quis blanditiis exercitationem eum quod a dolores. Sit consectetur distinctio ea non minima et. Aut ad beatae aliquam.', 1, '2018-04-22 16:32:20', '2018-04-22 16:32:20'),
(300, 18, 'Larissa Reichel', 'Delectus dolor quibusdam sed ullam dolor deserunt optio. Possimus facilis id aut itaque et architecto. Provident eum dolor inventore veniam officiis voluptatem.', 0, '2018-04-22 16:32:20', '2018-04-22 16:32:20');

-- --------------------------------------------------------

--
-- Table structure for table `users`
--

CREATE TABLE `users` (
  `id` int(10) UNSIGNED NOT NULL,
  `name` varchar(191) COLLATE utf8mb4_unicode_ci NOT NULL,
  `email` varchar(191) COLLATE utf8mb4_unicode_ci NOT NULL,
  `password` varchar(191) COLLATE utf8mb4_unicode_ci NOT NULL,
  `remember_token` varchar(100) COLLATE utf8mb4_unicode_ci DEFAULT NULL,
  `created_at` timestamp NULL DEFAULT NULL,
  `updated_at` timestamp NULL DEFAULT NULL
) ENGINE=InnoDB DEFAULT CHARSET=utf8mb4 COLLATE=utf8mb4_unicode_ci;

--
-- Indexes for dumped tables
--

--
-- Indexes for table `migrations`
--
ALTER TABLE `migrations`
  ADD PRIMARY KEY (`id`);

--
-- Indexes for table `password_resets`
--
ALTER TABLE `password_resets`
  ADD KEY `password_resets_email_index` (`email`);

--
-- Indexes for table `products`
--
ALTER TABLE `products`
  ADD PRIMARY KEY (`id`);

--
-- Indexes for table `reviews`
--
ALTER TABLE `reviews`
  ADD PRIMARY KEY (`id`),
  ADD KEY `reviews_product_id_index` (`product_id`);

--
-- Indexes for table `users`
--
ALTER TABLE `users`
  ADD PRIMARY KEY (`id`),
  ADD UNIQUE KEY `users_email_unique` (`email`);

--
-- AUTO_INCREMENT for dumped tables
--

--
-- AUTO_INCREMENT for table `migrations`
--
ALTER TABLE `migrations`
  MODIFY `id` int(10) UNSIGNED NOT NULL AUTO_INCREMENT, AUTO_INCREMENT=5;

--
-- AUTO_INCREMENT for table `products`
--
ALTER TABLE `products`
  MODIFY `id` int(10) UNSIGNED NOT NULL AUTO_INCREMENT, AUTO_INCREMENT=51;

--
-- AUTO_INCREMENT for table `reviews`
--
ALTER TABLE `reviews`
  MODIFY `id` int(10) UNSIGNED NOT NULL AUTO_INCREMENT, AUTO_INCREMENT=301;

--
-- AUTO_INCREMENT for table `users`
--
ALTER TABLE `users`
  MODIFY `id` int(10) UNSIGNED NOT NULL AUTO_INCREMENT;

--
-- Constraints for dumped tables
--

--
-- Constraints for table `reviews`
--
ALTER TABLE `reviews`
  ADD CONSTRAINT `reviews_product_id_foreign` FOREIGN KEY (`product_id`) REFERENCES `products` (`id`) ON DELETE CASCADE;
COMMIT;

/*!40101 SET CHARACTER_SET_CLIENT=@OLD_CHARACTER_SET_CLIENT */;
/*!40101 SET CHARACTER_SET_RESULTS=@OLD_CHARACTER_SET_RESULTS */;
/*!40101 SET COLLATION_CONNECTION=@OLD_COLLATION_CONNECTION */;
